BV,M
-0.294,-3.662
-0.290,4.491
-0.282,-6.076
-0.278,3.827
-0.250,-2.912
-0.242,-6.096
-0.236,-5.128
-0.231,-4.641
-0.230,4.431
-0.223,-4.277
-0.219,-6.881
-0.217,-3.925
-0.215,-6.272
-0.212,-5.786
-0.209,-3.212
-0.207,-3.002
-0.207,-4.930
-0.206,-4.660
-0.206,-1.426
-0.197,-2.822
-0.196,-1.484
-0.195,-2.464
-0.194,-2.562
-0.192,-4.648
-0.192,-1.920
-0.191,-3.134
-0.191,-2.357
-0.190,-4.133
-0.189,-1.786
-0.186,-2.974
-0.184,-1.302
-0.183,-2.204
-0.183,-2.034
-0.181,-1.626
-0.181,-1.518
-0.180,-2.866
-0.179,-3.211
-0.179,-2.482
-0.178,-0.463
-0.178,-0.781
-0.176,-2.681
-0.175,-2.586
-0.174,-3.709
-0.174,-1.827
-0.172,-1.621
-0.171,-1.034
-0.170,-1.998
-0.169,-0.940
-0.169,-1.219
-0.168,-1.478
-0.166,-1.309
-0.165,-2.653
-0.163,-2.527
-0.163,-4.154
-0.162,-0.728
-0.162,-1.639
-0.160,-2.354
-0.160,-0.961
-0.160,-2.776
-0.159,-2.096
-0.159,-1.180
-0.158,-4.401
-0.158,-2.216
-0.157,-3.701
-0.156,-1.284
-0.154,-1.054
-0.152,-0.529
-0.152,-0.898
-0.152,-1.980
-0.152,-1.431
-0.151,-3.454
-0.150,-2.372
-0.150,0.630
-0.149,-0.816
-0.147,-1.342
-0.146,-1.787
-0.146,-1.589
-0.146,-2.058
-0.146,-0.692
-0.144,-1.926
-0.143,-5.195
-0.141,-2.947
-0.141,-1.024
-0.141,-2.432
-0.140,-2.841
-0.140,-0.613
-0.139,-2.680
-0.139,-1.236
-0.138,-1.491
-0.138,-0.114
-0.137,-0.285
-0.137,-0.917
-0.137,-2.140
-0.137,-0.788
-0.137,-0.411
-0.136,-1.676
-0.136,-6.429
-0.135,-2.227
-0.135,0.257
-0.134,0.418
-0.133,0.107
-0.133,-1.965
-0.132,-1.821
-0.131,-2.788
-0.131,-0.985
-0.129,-0.201
-0.129,-3.666
-0.127,-0.774
-0.127,-1.289
-0.127,-1.537
-0.126,-0.504
-0.126,-0.610
-0.125,-0.021
-0.125,-0.882
-0.124,-1.896
-0.123,-1.156
-0.122,-0.113
-0.122,-0.368
-0.121,-1.728
-0.121,-2.635
-0.119,-1.367
-0.119,-0.964
-0.118,-2.336
-0.117,-1.832
-0.117,0.122
-0.117,-4.786
-0.116,-0.244
-0.115,0.261
-0.115,-2.161
-0.115,-0.634
-0.115,-1.653
-0.114,-1.510
-0.114,-0.739
-0.114,-0.509
-0.114,-2.004
-0.114,-1.187
-0.113,-4.024
-0.113,-1.050
-0.112,-0.092
-0.112,-2.802
-0.112,-3.047
-0.111,-0.828
-0.111,-0.370
-0.108,0.492
-0.108,-0.961
-0.108,1.270
-0.107,-1.741
-0.107,0.041
-0.107,-1.886
-0.105,0.782
-0.105,-0.281
-0.104,0.261
-0.104,-3.753
-0.104,0.610
-0.104,0.353
-0.104,-1.497
-0.104,-1.321
-0.104,-2.673
-0.104,-0.654
-0.103,-0.463
-0.102,-0.131
-0.102,-0.792
-0.102,0.126
-0.101,1.739
-0.101,-2.128
-0.100,-5.051
-0.100,-2.235
-0.100,0.696
-0.100,-0.548
-0.100,-1.047
-0.100,-1.800
-0.099,-3.973
-0.099,-2.401
-0.098,0.505
-0.097,2.238
-0.097,-1.151
-0.097,-0.052
-0.096,-5.139
-0.096,-6.174
-0.095,-0.323
-0.095,0.291
-0.095,-1.691
-0.095,1.587
-0.095,0.908
-0.094,1.682
-0.094,-0.677
-0.094,-0.966
-0.094,0.599
-0.093,0.419
-0.092,0.101
-0.092,-0.820
-0.092,-1.562
-0.092,-5.414
-0.092,-3.705
-0.091,-2.064
-0.091,0.789
-0.091,-5.580
-0.090,-1.076
-0.090,-1.357
-0.090,-2.808
-0.088,-0.401
-0.088,-2.422
-0.088,-0.597
-0.088,0.233
-0.087,1.196
-0.087,-3.995
-0.087,-0.165
-0.086,0.519
-0.085,-0.027
-0.085,-1.713
-0.085,-2.209
-0.084,-1.169
-0.084,-4.145
-0.084,-0.682
-0.084,-4.634
-0.084,-1.012
-0.083,-0.473
-0.083,0.621
-0.083,1.000
-0.082,1.643
-0.082,0.358
-0.082,-0.281
-0.081,-0.780
-0.081,-5.168
-0.081,-1.624
-0.081,0.135
-0.081,0.795
-0.080,1.304
-0.079,-1.449
-0.078,0.271
-0.078,-0.554
-0.078,-1.233
-0.077,-2.900
-0.077,0.471
-0.077,0.876
-0.077,-2.635
-0.077,-0.123
-0.076,-1.098
-0.076,-1.757
-0.075,0.020
-0.075,-1.316
-0.074,0.703
-0.074,-0.349
-0.074,-0.441
-0.074,0.560
-0.073,-4.892
-0.072,-0.823
-0.072,-0.260
-0.072,-0.723
-0.071,-3.361
-0.071,-1.864
-0.071,1.019
-0.071,-0.976
-0.071,-1.399
-0.070,0.394
-0.070,-1.501
-0.070,0.173
-0.070,8.618
-0.070,-1.635
-0.070,-5.014
-0.069,1.255
-0.069,-0.628
-0.069,-0.047
-0.068,0.290
-0.067,0.848
-0.067,-1.199
-0.066,-0.157
-0.066,0.611
-0.066,1.435
-0.066,1.133
-0.065,0.517
-0.065,-1.056
-0.064,-1.746
-0.064,-0.333
-0.064,-0.422
-0.064,-0.856
-0.064,2.191
-0.064,0.766
-0.063,2.418
-0.063,1.347
-0.062,0.435
-0.062,-0.690
-0.061,0.111
-0.061,1.035
-0.060,0.237
-0.060,1.225
-0.060,-0.587
-0.060,-0.044
-0.059,0.908
-0.059,-1.513
-0.059,-3.978
-0.059,-1.889
-0.058,-0.214
-0.056,-4.281
-0.056,0.649
-0.056,-0.906
-0.056,-1.123
-0.055,0.323
-0.055,1.704
-0.055,1.919
-0.054,-0.763
-0.054,1.823
-0.054,-0.326
-0.054,-1.416
-0.054,-2.100
-0.054,0.163
-0.053,1.480
-0.053,0.065
-0.053,0.845
-0.053,-0.104
-0.053,-0.524
-0.052,1.096
-0.052,-4.613
-0.052,-3.804
-0.052,-1.699
-0.052,1.567
-0.052,0.564
-0.051,-1.031
-0.051,1.354
-0.051,0.726
-0.051,2.032
-0.050,0.471
-0.050,-0.429
-0.049,-2.410
-0.048,1.258
-0.047,1.000
-0.047,-1.217
-0.047,-0.226
-0.046,0.904
-0.046,-1.348
-0.046,0.330
-0.045,-0.813
-0.045,0.220
-0.045,0.013
-0.045,0.641
-0.045,-1.979
-0.043,1.933
-0.043,-0.619
-0.043,-0.942
-0.043,1.396
-0.043,1.160
-0.043,0.543
-0.043,0.766
-0.042,-2.962
-0.041,-0.333
-0.041,-0.507
-0.041,-1.880
-0.041,1.542
-0.041,0.433
-0.041,-2.091
-0.040,-0.134
-0.039,1.650
-0.038,-0.047
-0.038,0.858
-0.038,-4.525
-0.038,-1.154
-0.037,1.009
-0.037,0.113
-0.037,-0.862
-0.037,1.309
-0.037,-3.464
-0.036,-0.244
-0.036,-1.043
-0.035,0.666
-0.035,-0.656
-0.035,1.819
-0.034,0.354
-0.034,2.252
-0.034,-1.325
-0.034,-0.433
-0.034,1.097
-0.033,1.196
-0.033,0.478
-0.033,0.567
-0.032,0.770
-0.032,-0.784
-0.032,-4.739
-0.032,0.924
-0.031,-0.567
-0.031,-1.742
-0.031,-0.939
-0.031,-4.002
-0.030,0.178
-0.030,-3.824
-0.029,0.038
-0.029,-0.122
-0.028,1.985
-0.027,0.283
-0.027,-1.099
-0.026,-0.853
-0.026,1.397
-0.026,-3.603
-0.026,0.643
-0.025,-2.048
-0.025,1.034
-0.025,-0.713
-0.024,-4.467
-0.024,-0.623
-0.024,-1.002
-0.024,-0.499
-0.024,0.495
-0.023,0.798
-0.023,-3.707
-0.023,0.359
-0.023,1.130
-0.023,1.515
-0.023,1.300
-0.022,1.747
-0.021,-0.050
-0.021,-0.191
-0.021,-3.475
-0.021,0.197
-0.020,0.921
-0.020,2.108
-0.019,0.082
-0.019,-1.591
-0.019,-5.076
-0.019,-4.559
-0.019,-1.292
-0.018,-3.374
-0.018,-1.156
-0.018,1.222
-0.017,0.596
-0.017,-3.259
-0.016,0.425
-0.016,1.012
-0.016,1.588
-0.016,1.396
-0.016,-0.334
-0.016,-1.848
-0.016,-0.900
-0.015,-4.676
-0.015,-3.109
-0.015,-0.669
-0.015,-3.662
-0.014,0.757
-0.014,2.261
-0.014,-4.340
-0.014,-0.432
-0.014,-3.800
-0.014,0.341
-0.013,2.350
-0.013,0.852
-0.013,-0.813
-0.013,1.710
-0.012,2.056
-0.012,-0.214
-0.012,1.290
-0.012,1.501
-0.011,-1.034
-0.011,1.862
-0.011,-0.094
-0.011,0.940
-0.010,0.141
-0.010,0.660
-0.009,-0.550
-0.009,1.102
-0.008,0.542
-0.007,0.002
-0.007,-0.310
-0.006,-3.480
-0.006,-1.309
-0.006,1.408
-0.006,-0.908
-0.006,-4.668
-0.006,-5.651
-0.005,-1.106
-0.005,-0.702
-0.005,0.269
-0.005,0.803
-0.005,0.413
-0.004,1.637
-0.004,-5.917
-0.004,1.210
-0.004,-0.464
-0.004,-3.586
-0.004,1.928
-0.003,1.732
-0.003,-3.381
-0.003,-3.160
-0.003,0.999
-0.002,1.296
-0.002,-5.544
-0.002,0.719
-0.002,2.159
-0.002,0.900
-0.001,-0.114
-0.001,-4.863
-0.001,-0.980
-0.001,0.069
-0.000,-0.383
0.000,0.627
0.000,-3.670
0.000,-2.379
0.001,-5.089
0.001,1.114
0.001,-0.833
0.001,1.827
0.001,2.854
0.001,0.166
0.001,0.337
0.001,0.483
0.002,-0.249
0.002,1.524
0.002,-4.231
0.002,-5.718
0.003,-4.765
0.003,-4.542
0.003,-0.606
0.003,-0.747
0.003,-2.910
0.004,1.412
0.005,1.686
0.005,2.020
0.005,0.836
0.006,0.257
0.006,-1.254
0.006,1.258
0.006,-0.919
0.007,-1.417
0.007,-0.016
0.007,-5.969
0.007,1.015
0.008,0.711
0.008,-0.172
0.008,1.599
0.009,-3.244
0.009,2.279
0.009,0.110
0.009,-3.992
0.009,0.551
0.010,1.937
0.010,-0.469
0.010,-0.341
0.011,1.469
0.011,-1.160
0.011,-4.314
0.011,1.767
0.011,-0.683
0.011,-3.560
0.011,0.938
0.012,1.334
0.012,0.396
0.013,-2.926
0.013,1.148
0.013,-3.466
0.014,3.574
0.014,2.681
0.014,0.037
0.014,-0.077
0.014,8.544
0.014,0.801
0.015,-0.236
0.015,-4.174
0.015,-0.776
0.015,-0.584
0.015,-4.651
0.016,1.246
0.016,0.195
0.016,0.646
0.016,1.036
0.017,2.202
0.017,1.677
0.017,2.474
0.017,-3.284
0.017,9.452
0.017,1.550
0.017,0.502
0.018,1.410
0.018,2.020
0.018,-5.272
0.018,1.862
0.019,-4.411
0.019,-4.532
0.020,0.290
0.020,0.912
0.021,2.302
0.022,-1.219
0.022,-0.428
0.022,1.761
0.022,0.103
0.022,1.102
0.022,-0.871
0.023,-0.118
0.023,1.197
0.023,1.315
0.024,0.434
0.024,-0.972
0.024,2.110
0.025,0.808
0.025,0.571
0.025,-0.686
0.025,-0.535
0.025,0.698
0.025,-1.427
0.025,-6.089
0.025,1.955
0.026,-0.258
0.026,1.456
0.026,1.657
0.027,-1.644
0.027,1.006
0.028,3.411
0.028,-2.524
0.028,2.236
0.028,-3.215
0.028,2.391
0.029,0.251
0.029,1.852
0.029,-4.084
0.029,-1.350
0.029,1.541
0.030,-5.849
0.030,-5.729
0.030,-0.168
0.031,0.343
0.031,-0.385
0.031,-0.760
0.031,-4.743
0.031,0.895
0.031,0.057
0.032,1.242
0.032,1.735
0.033,0.479
0.033,1.151
0.033,2.047
0.033,12.824
0.034,-2.806
0.034,11.443
0.034,0.645
0.035,-0.900
0.035,1.333
0.035,-3.376
0.035,2.807
0.035,3.217
0.035,0.800
0.036,-4.341
0.036,-0.272
0.036,-0.050
0.036,1.643
0.036,12.214
0.037,1.454
0.037,1.042
0.037,-5.013
0.037,0.209
0.037,-1.560
0.038,-0.448
0.038,1.844
0.039,0.406
0.039,0.300
0.039,2.264
0.040,0.724
0.040,-0.196
0.040,-3.493
0.041,1.996
0.041,-0.756
0.041,0.067
0.041,-1.397
0.042,0.875
0.042,1.713
0.042,2.402
0.042,1.379
0.043,2.996
0.043,0.603
0.043,0.494
0.043,1.192
0.043,2.128
0.044,1.280
0.044,2.531
0.044,1.572
0.044,0.973
0.045,-3.929
0.045,-0.047
0.045,-5.789
0.046,1.069
0.047,-0.400
0.048,2.717
0.048,1.787
0.048,-4.127
0.048,0.781
0.048,-0.133
0.048,1.485
0.048,-0.615
0.048,0.144
0.049,1.893
0.049,0.255
0.049,-3.672
0.049,-0.312
0.049,-5.046
0.050,0.414
0.050,2.278
0.050,3.299
0.050,-4.414
0.050,0.663
0.051,1.681
0.051,2.053
0.051,0.912
0.051,0.552
0.052,1.151
0.052,-4.034
0.052,1.387
0.052,-4.704
0.053,-0.514
0.053,2.585
0.054,-3.877
0.054,-4.322
0.054,1.278
0.054,1.562
0.055,0.005
0.056,2.132
0.056,1.015
0.056,-0.245
0.057,8.863
0.057,2.402
0.057,3.535
0.057,-1.828
0.058,0.805
0.058,1.851
0.058,2.717
0.058,0.224
0.058,0.616
0.058,-1.185
0.059,2.309
0.059,-0.094
0.059,2.500
0.059,1.450
0.060,0.105
0.060,1.741
0.060,0.406
0.061,1.124
0.061,1.363
0.061,-4.015
0.061,3.672
0.061,-3.105
0.061,2.000
0.062,2.803
0.062,14.166
0.063,-0.644
0.063,1.209
0.063,0.937
0.063,1.542
0.064,0.526
0.064,1.660
0.064,0.300
0.065,-0.456
0.066,2.235
0.066,1.024
0.066,-5.195
0.066,2.637
0.066,0.697
0.067,-4.188
0.067,0.841
0.068,0.016
0.068,1.894
0.068,-0.733
0.068,2.339
0.069,-0.860
0.069,2.093
0.069,0.219
0.069,-0.207
0.069,1.403
0.069,2.970
0.070,-3.152
0.070,1.109
0.071,0.395
0.071,-0.339
0.071,0.591
0.071,1.717
0.071,-6.126
0.071,1.606
0.072,-0.946
0.072,0.116
0.073,-3.799
0.073,0.944
0.073,1.817
0.073,-5.686
0.073,-4.952
0.073,0.484
0.073,12.105
0.074,1.497
0.074,2.492
0.074,-3.450
0.074,6.701
0.074,1.296
0.074,2.759
0.074,0.761
0.075,1.185
0.075,-5.490
0.075,-0.473
0.076,-0.634
0.076,2.247
0.076,0.324
0.077,-4.770
0.077,-0.256
0.077,2.599
0.077,12.884
0.077,-3.308
0.078,0.234
0.078,1.052
0.078,-0.021
0.079,-3.037
0.079,1.416
0.079,-4.169
0.079,-1.086
0.080,2.017
0.080,-0.734
0.080,1.894
0.080,0.594
0.080,3.285
0.080,1.704
0.081,0.830
0.081,0.695
0.081,1.567
0.081,-2.950
0.081,-5.407
0.081,2.375
0.081,0.411
0.082,2.154
0.082,0.069
0.083,1.798
0.083,-3.698
0.083,-0.965
0.083,1.237
0.084,0.957
0.084,2.488
0.084,1.122
0.084,1.488
0.085,1.331
0.085,0.161
0.085,-1.215
0.086,-0.207
0.086,-0.349
0.086,2.292
0.086,-3.462
0.087,1.963
0.087,1.632
0.088,2.062
0.088,-4.469
0.088,0.254
0.088,-3.348
0.089,2.571
0.090,1.022
0.090,0.750
0.090,0.859
0.090,-1.484
0.090,-4.253
0.090,0.473
0.090,0.611
0.091,1.862
0.091,2.436
0.091,9.977
0.092,1.407
0.092,-0.277
0.092,1.182
0.092,-2.413
0.092,1.767
0.092,-3.201
0.093,0.337
0.094,1.499
0.094,-2.971
0.094,-4.080
0.094,2.183
0.094,1.312
0.095,-0.709
0.095,2.931
0.095,0.133
0.095,1.585
0.096,1.973
0.096,1.674
0.097,1.107
0.098,0.419
0.098,2.086
0.098,0.545
0.098,0.674
0.099,2.377
0.099,9.712
0.099,2.823
0.099,2.290
0.099,1.231
0.099,-0.344
0.100,-1.263
0.100,2.493
0.100,-2.627
0.100,1.022
0.101,1.888
0.101,1.409
0.101,0.209
0.101,0.884
0.102,-5.265
0.102,-0.544
0.102,1.754
0.102,-5.360
0.103,0.790
0.103,-0.232
0.104,-3.453
0.104,1.526
0.104,0.062
0.106,-3.208
0.106,1.145
0.106,-1.400
0.106,0.319
0.106,2.217
0.107,1.989
0.107,0.505
0.107,0.633
0.107,1.677
0.107,-1.865
0.107,2.568
0.108,-0.618
0.109,-0.096
0.109,2.128
0.109,1.321
0.110,0.959
0.110,-4.341
0.110,-2.541
0.110,0.715
0.111,2.361
0.111,-3.518
0.111,1.905
0.111,1.448
0.111,1.599
0.112,-2.328
0.112,1.078
0.113,-3.936
0.113,0.229
0.113,0.141
0.113,1.758
0.113,1.219
0.113,0.871
0.115,-3.822
0.115,2.054
0.115,-0.260
0.115,2.273
0.115,2.437
0.116,0.589
0.116,-4.176
0.116,2.689
0.116,3.112
0.116,0.475
0.116,-3.428
0.117,2.176
0.117,0.320
0.118,-4.451
0.118,1.530
0.118,3.367
0.119,0.783
0.119,-0.361
0.119,-5.497
0.119,1.658
0.119,1.850
0.120,-0.660
0.120,2.778
0.120,0.006
0.120,1.372
0.121,1.276
0.121,0.973
0.121,-0.114
0.121,1.168
0.121,-5.189
0.121,13.261
0.122,2.878
0.122,1.063
0.123,1.971
0.123,-0.819
0.123,0.653
0.123,-1.721
0.123,1.771
0.123,2.095
0.124,2.235
0.124,1.456
0.125,0.416
0.125,-3.328
0.125,2.961
0.125,1.581
0.126,0.120
0.126,2.356
0.126,-2.748
0.126,0.527
0.127,-3.995
0.127,0.843
0.127,5.644
0.127,1.895
0.127,0.291
0.128,1.691
0.128,2.567
0.128,-5.254
0.129,-2.165
0.130,-0.316
0.130,1.242
0.130,12.785
0.131,2.759
0.131,4.411
0.131,1.395
0.131,-0.460
0.131,4.078
0.131,1.816
0.131,-3.053
0.132,1.104
0.132,-0.193
0.133,2.424
0.133,2.132
0.133,0.467
0.133,2.274
0.134,-0.001
0.134,1.516
0.134,1.615
0.134,0.999
0.135,-1.120
0.135,-3.911
0.135,-4.697
0.136,0.741
0.136,2.667
0.136,-5.105
0.136,2.043
0.136,0.261
0.136,1.927
0.137,-6.136
0.137,1.726
0.137,0.379
0.137,3.000
0.137,0.617
0.138,-4.237
0.138,0.897
0.139,1.311
0.139,-0.133
0.139,0.158
0.140,1.195
0.141,2.177
0.142,1.438
0.142,-3.305
0.142,2.331
0.142,-2.919
0.143,-4.879
0.143,1.854
0.144,2.504
0.144,0.688
0.144,12.353
0.144,1.665
0.144,0.985
0.145,-5.619
0.145,1.096
0.145,2.073
0.146,1.569
0.146,2.769
0.147,-4.499
0.147,2.416
0.147,1.951
0.147,0.423
0.147,-2.557
0.147,0.573
0.147,-4.023
0.148,0.822
0.148,-0.059
0.148,1.276
0.149,-3.098
0.149,0.200
0.149,-5.392
0.149,1.188
0.149,3.249
0.149,1.766
0.151,2.610
0.151,2.281
0.151,2.146
0.151,-0.235
0.152,-2.777
0.153,1.389
0.153,1.876
0.153,1.050
0.154,1.638
0.154,2.841
0.154,0.744
0.154,-4.578
0.154,2.038
0.154,1.508
0.155,0.290
0.155,-3.563
0.155,0.501
0.155,2.360
0.156,2.475
0.156,11.264
0.156,0.894
0.156,3.029
0.157,-2.474
0.157,-3.068
0.157,-1.827
0.158,0.086
0.158,-3.799
0.159,-3.408
0.159,1.235
0.159,0.195
0.159,0.371
0.159,2.229
0.160,0.638
0.160,-3.984
0.161,2.124
0.161,1.789
0.161,1.696
0.161,2.657
0.161,3.281
0.162,-2.831
0.162,0.966
0.162,0.804
0.162,1.895
0.162,1.321
0.163,1.447
0.163,2.924
0.163,-2.277
0.163,11.939
0.163,0.448
0.164,1.151
0.164,-5.249
0.164,2.026
0.165,2.310
0.165,2.442
0.165,0.559
0.166,1.621
0.167,2.561
0.167,0.894
0.167,2.772
0.167,-4.815
0.168,-2.355
0.168,-4.390
0.168,-5.599
0.169,1.072
0.169,-0.066
0.169,1.513
0.169,-0.566
0.170,3.349
0.170,1.391
0.170,2.140
0.170,1.821
0.171,0.066
0.171,1.228
0.171,1.946
0.171,-0.362
0.171,-3.009
0.171,-3.502
0.171,0.494
0.172,2.250
0.172,0.813
0.172,2.982
0.173,-5.057
0.174,2.059
0.174,1.730
0.175,2.853
0.175,-3.403
0.175,0.220
0.175,2.520
0.176,3.196
0.176,-2.492
0.176,1.004
0.177,1.307
0.177,-3.838
0.177,2.344
0.177,1.616
0.178,2.657
0.178,1.158
0.178,0.415
0.178,0.561
0.178,0.902
0.179,-5.269
0.179,-3.132
0.179,0.324
0.179,3.116
0.180,1.426
0.180,1.866
0.180,1.997
0.181,-4.093
0.181,2.268
0.181,2.771
0.182,0.820
0.183,2.451
0.184,0.667
0.184,2.080
0.185,-2.421
0.185,-3.468
0.185,0.964
0.185,1.743
0.186,-3.223
0.186,4.319
0.187,2.363
0.187,1.561
0.187,0.402
0.187,1.050
0.188,2.188
0.188,-3.783
0.188,2.692
0.188,1.330
0.189,1.197
0.189,1.823
0.189,-0.060
0.190,1.471
0.190,-4.009
0.190,-2.909
0.190,0.584
0.190,-2.278
0.191,2.005
0.191,-4.723
0.192,2.871
0.192,-2.684
0.192,-3.323
0.193,2.595
0.193,1.644
0.193,2.117
0.193,0.117
0.193,0.798
0.194,2.445
0.194,3.059
0.196,3.336
0.196,1.407
0.196,10.193
0.196,0.702
0.196,1.905
0.196,2.229
0.196,1.007
0.196,-0.122
0.198,-3.683
0.198,1.180
0.198,1.755
0.198,1.303
0.198,0.343
0.198,13.350
0.198,2.765
0.199,1.517
0.199,3.169
0.199,2.326
0.199,-0.349
0.199,0.469
0.200,-3.489
0.200,-3.599
0.200,-2.550
0.200,2.029
0.201,0.577
0.201,-2.265
0.201,0.905
0.202,2.529
0.202,2.159
0.203,2.677
0.204,-4.027
0.204,0.812
0.204,1.591
0.204,2.441
0.204,11.861
0.204,2.884
0.204,-4.113
0.204,-0.212
0.205,1.895
0.205,-3.771
0.205,2.259
0.206,1.110
0.206,-3.331
0.206,1.356
0.207,1.722
0.207,-0.427
0.207,1.266
0.207,3.004
0.208,0.685
0.208,-4.706
0.208,-4.231
0.208,2.782
0.209,0.343
0.209,1.021
0.209,-1.950
0.210,-3.080
0.210,-3.935
0.210,1.437
0.210,2.070
0.211,-2.114
0.211,-5.092
0.211,1.805
0.211,1.184
0.212,2.504
0.212,2.156
0.212,0.774
0.212,2.653
0.212,1.969
0.212,-3.628
0.212,0.105
0.212,-2.301
0.213,13.653
0.213,-0.100
0.213,2.337
0.214,3.259
0.215,1.666
0.215,-4.096
0.215,0.277
0.215,0.454
0.215,1.570
0.215,2.425
0.216,2.878
0.216,-3.347
0.216,-2.819
0.217,0.663
0.217,1.363
0.218,2.571
0.218,3.001
0.218,0.944
0.219,1.883
0.219,1.093
0.219,-3.763
0.219,0.540
0.220,1.755
0.220,3.762
0.220,1.450
0.221,0.185
0.221,2.133
0.222,0.831
0.222,3.127
0.222,2.682
0.222,1.285
0.222,2.774
0.223,2.264
0.223,2.020
0.223,1.623
0.224,-0.016
0.224,-2.400
0.224,3.258
0.225,2.353
0.225,2.930
0.226,-3.363
0.226,-5.211
0.227,2.498
0.227,-5.021
0.227,4.951
0.227,-3.159
0.228,0.736
0.228,0.281
0.228,0.125
0.228,4.012
0.228,1.504
0.229,3.490
0.229,1.902
0.230,0.597
0.230,2.084
0.230,-4.812
0.230,-1.499
0.230,1.804
0.230,-4.188
0.231,0.997
0.231,1.331
0.231,1.238
0.232,-2.451
0.232,1.090
0.232,2.638
0.232,1.639
0.233,2.302
0.233,2.420
0.233,2.210
0.234,3.305
0.234,2.842
0.234,2.960
0.235,-2.812
0.235,3.173
0.235,1.982
0.236,0.823
0.236,-5.145
0.236,2.513
0.236,7.912
0.237,1.437
0.238,-4.071
0.238,1.736
0.239,2.070
0.239,1.544
0.239,2.706
0.239,0.045
0.239,-2.634
0.240,0.677
0.240,-3.340
0.241,1.064
0.241,2.155
0.242,0.478
0.242,2.319
0.242,2.806
0.242,3.011
0.243,11.431
0.243,1.238
0.243,1.866
0.243,9.058
0.244,0.882
0.244,-2.960
0.244,0.796
0.245,2.897
0.245,1.660
0.245,0.330
0.245,2.626
0.245,-3.074
0.246,3.429
0.246,1.477
0.246,1.979
0.247,2.452
0.248,1.337
0.248,3.092
0.249,1.750
0.249,0.998
0.249,-3.547
0.250,2.362
0.251,-3.988
0.251,2.135
0.251,-4.907
0.251,2.820
0.251,-3.806
0.252,1.591
0.252,3.640
0.252,2.729
0.252,2.229
0.253,1.417
0.253,1.894
0.254,0.900
0.254,2.948
0.254,-1.533
0.254,1.189
0.254,2.047
0.254,-4.222
0.254,2.508
0.254,-3.716
0.255,-0.619
0.255,2.624
0.255,0.704
0.256,-1.670
0.256,0.303
0.256,3.149
0.256,3.361
0.257,-3.444
0.257,-2.013
0.258,3.457
0.259,-2.728
0.259,2.400
0.259,3.240
0.260,1.803
0.260,1.512
0.260,0.503
0.260,1.952
0.260,1.274
0.261,2.299
0.261,1.677
0.261,0.772
0.262,3.029
0.262,-3.124
0.262,2.119
0.262,0.959
0.262,1.138
0.263,2.915
0.263,-2.348
0.264,-2.178
0.264,0.186
0.264,2.535
0.264,0.371
0.264,2.650
0.265,2.746
0.265,-3.695
0.265,-4.568
0.265,-0.226
0.265,-3.351
0.266,1.410
0.266,3.528
0.267,0.589
0.268,3.107
0.268,-2.019
0.268,1.561
0.268,2.423
0.268,2.245
0.268,2.044
0.269,-4.769
0.269,1.777
0.270,0.904
0.270,0.788
0.271,1.286
0.271,-0.816
0.271,-0.067
0.271,1.868
0.271,-1.768
0.271,2.872
0.272,-3.018
0.272,1.022
0.272,1.651
0.273,-1.138
0.273,3.806
0.273,2.342
0.273,3.252
0.274,-2.477
0.274,0.421
0.274,2.650
0.274,2.743
0.274,2.133
0.274,2.504
0.275,-3.619
0.275,1.453
0.275,0.241
0.275,3.427
0.276,-2.644
0.276,1.145
0.277,-1.546
0.277,-3.468
0.278,0.524
0.279,-2.225
0.279,1.542
0.279,2.241
0.280,3.093
0.280,1.781
0.280,2.824
0.280,3.320
0.280,1.954
0.280,-4.938
0.280,1.239
0.281,3.620
0.281,1.689
0.281,0.778
0.281,-0.749
0.282,2.908
0.282,2.437
0.282,2.069
0.282,2.559
0.283,0.997
0.283,2.326
0.283,3.007
0.284,2.165
0.285,2.749
0.285,3.454
0.286,1.126
0.287,2.661
0.287,3.175
0.287,-2.183
0.287,1.441
0.288,0.505
0.288,1.889
0.288,-3.349
0.289,1.574
0.289,-2.517
0.289,-2.803
0.289,0.898
0.290,-2.425
0.290,2.261
0.290,2.509
0.290,1.217
0.290,3.321
0.290,-1.855
0.290,1.322
0.290,1.740
0.291,2.891
0.291,1.991
0.291,3.074
0.291,2.421
0.291,3.738
0.293,2.987
0.293,2.128
0.294,-2.044
0.294,-4.630
0.295,0.284
0.295,3.521
0.295,2.762
0.295,1.829
0.295,2.600
0.296,-3.298
0.296,0.827
0.296,1.028
0.297,0.193
0.298,-4.228
0.298,3.254
0.298,-3.466
0.298,1.590
0.299,0.935
0.299,1.918
0.299,-2.162
0.299,2.316
0.300,-0.002
0.300,2.200
0.300,3.359
0.300,1.194
0.300,2.686
0.300,1.442
0.300,3.135
0.300,2.836
0.300,2.456
0.300,2.049
0.300,3.702
0.301,-2.492
0.302,1.681
0.302,0.436
0.302,1.282
0.302,0.678
0.302,-2.312
0.303,2.945
0.303,-1.720
0.304,3.448
0.304,1.089
0.304,1.765
0.305,2.529
0.305,3.545
0.306,5.327
0.306,3.047
0.306,3.216
0.307,2.759
0.307,0.572
0.307,3.988
0.308,2.352
0.308,2.263
0.308,0.872
0.309,-3.635
0.309,-3.524
0.309,2.171
0.309,2.610
0.309,1.908
0.310,1.363
0.310,1.004
0.310,2.439
0.310,2.865
0.310,1.995
0.310,1.574
0.310,1.240
0.311,3.388
0.311,3.290
0.312,3.145
0.312,4.377
0.312,1.818
0.312,-3.849
0.312,-2.523
0.312,-2.402
0.312,13.654
0.313,1.110
0.313,0.001
0.314,-2.043
0.314,2.077
0.314,2.988
0.314,-2.893
0.315,3.574
0.315,1.494
0.315,1.657
0.315,-2.738
0.315,3.733
0.316,2.683
0.316,2.508
0.316,-2.163
0.316,0.679
0.317,2.319
0.317,2.776
0.317,-1.022
0.318,2.164
0.319,3.223
0.319,3.073
0.319,3.455
0.319,1.934
0.319,2.870
0.320,0.859
0.320,2.413
0.320,1.776
0.320,-3.648
0.321,1.016
0.321,0.555
0.321,0.447
0.322,3.981
0.322,3.342
0.322,3.647
0.322,-3.344
0.322,1.230
0.322,1.445
0.324,3.146
0.324,1.613
0.324,1.859
0.324,2.562
0.325,2.064
0.325,2.976
0.325,2.660
0.325,2.246
0.326,1.334
0.326,3.522
0.326,0.319
0.327,3.786
0.327,-2.427
0.327,0.697
0.327,-2.060
0.327,12.933
0.327,4.057
0.327,2.344
0.328,0.942
0.328,2.819
0.328,3.057
0.328,1.110
0.329,3.402
0.329,0.225
0.329,2.159
0.330,1.541
0.330,2.479
0.330,3.283
0.331,2.901
0.332,2.733
0.332,1.695
0.332,3.711
0.332,3.593
0.332,-0.560
0.333,-3.120
0.333,1.217
0.333,0.797
0.333,3.864
0.334,1.865
0.334,2.581
0.334,3.159
0.334,-2.541
0.334,1.985
0.335,2.984
0.336,2.244
0.336,-1.879
0.336,2.381
0.337,3.477
0.337,1.059
0.337,2.107
0.337,1.614
0.338,3.359
0.338,2.661
0.338,2.800
0.338,-2.355
0.338,-2.727
0.338,1.348
0.338,4.357
0.339,4.077
0.339,0.478
0.339,4.446
0.339,-0.793
0.340,-1.408
0.340,3.089
0.340,3.246
0.341,2.509
0.341,0.728
0.341,9.970
0.341,-3.631
0.341,3.950
0.342,-3.487
0.342,1.459
0.342,3.699
0.342,1.795
0.343,1.133
0.343,1.913
0.343,3.593
0.343,2.872
0.344,2.731
0.344,2.594
0.344,1.274
0.344,0.402
0.345,2.328
0.345,3.433
0.346,2.144
0.346,2.043
0.346,4.558
0.347,2.432
0.348,3.150
0.348,-2.389
0.348,-4.672
0.348,1.709
0.348,-3.103
0.348,3.002
0.348,0.309
0.349,2.801
0.349,3.350
0.350,1.587
0.350,-1.793
0.350,3.249
0.350,4.061
0.350,4.327
0.351,3.880
0.351,-2.602
0.351,3.741
0.351,2.231
0.351,3.637
0.352,2.523
0.352,3.541
0.352,2.644
0.352,-1.381
0.352,1.866
0.353,1.464
0.353,1.984
0.353,2.887
0.353,0.385
0.354,0.882
0.354,0.971
0.355,2.120
0.355,2.380
0.356,1.290
0.356,11.743
0.357,3.052
0.357,3.181
0.357,-1.137
0.358,9.654
0.358,3.314
0.358,0.609
0.358,3.817
0.359,2.710
0.359,2.287
0.359,-1.496
0.359,2.809
0.359,4.124
0.360,2.964
0.360,1.772
0.360,-0.768
0.360,3.493
0.360,2.592
0.361,4.465
0.361,-2.327
0.361,2.198
0.361,1.530
0.361,4.006
0.361,-1.845
0.362,2.456
0.362,3.402
0.362,5.146
0.362,4.369
0.362,1.113
0.363,3.692
0.363,3.602
0.363,2.044
0.363,11.414
0.363,4.670
0.363,-4.591
0.363,-4.271
0.363,1.879
0.363,-3.162
0.364,2.886
0.364,-2.421
0.364,-2.634
0.364,0.736
0.365,-3.361
0.365,3.115
0.365,-1.001
0.365,3.255
0.365,1.251
0.366,1.662
0.366,0.829
0.366,12.784
0.366,-2.115
0.367,4.281
0.367,3.916
0.367,0.419
0.367,3.027
0.367,1.436
0.368,3.817
0.368,2.707
0.368,2.275
0.369,9.590
0.369,2.810
0.369,2.371
0.369,3.518
0.369,0.646
0.370,3.356
0.370,2.502
0.370,-4.214
0.370,2.166
0.370,-4.001
0.370,1.822
0.371,4.424
0.371,3.737
0.372,1.932
0.372,4.562
0.372,1.524
0.372,2.604
0.372,2.036
0.373,13.177
0.373,4.167
0.373,4.047
0.373,2.950
0.374,3.164
0.374,3.605
0.375,1.056
0.376,3.284
0.376,3.890
0.376,3.036
0.376,0.782
0.377,2.869
0.377,3.455
0.377,2.230
0.377,4.730
0.377,2.685
0.378,2.347
0.379,3.798
0.379,2.109
0.380,2.439
0.380,3.685
0.380,-0.527
0.380,4.102
0.380,1.712
0.381,1.254
0.381,1.836
0.381,-3.236
0.381,-2.073
0.381,4.257
0.381,2.561
0.381,1.926
0.382,3.353
0.382,1.148
0.382,3.220
0.382,-4.505
0.382,3.957
0.382,2.017
0.383,3.540
0.383,1.008
0.383,-1.916
0.383,0.226
0.383,2.951
0.383,0.532
0.383,3.121
0.384,-2.332
0.384,2.764
0.384,0.108
0.384,1.482
0.384,4.530
0.386,3.868
0.386,2.197
0.387,-3.595
0.387,2.867
0.387,3.040
0.387,2.649
0.387,5.324
0.388,6.540
0.388,3.423
0.388,4.176
0.388,1.626
0.388,2.498
0.388,1.375
0.389,0.688
0.389,3.725
0.389,-4.108
0.389,3.280
0.390,4.751
0.390,3.628
0.390,2.106
0.390,2.400
0.390,4.058
0.390,-3.151
0.391,1.936
0.391,2.299
0.391,3.178
0.392,1.750
0.392,3.543
0.393,2.579
0.393,10.111
0.393,3.952
0.393,-2.635
0.394,-2.740
0.394,6.768
0.394,4.450
0.394,3.809
0.394,-1.980
0.394,2.755
0.394,1.470
0.394,2.936
0.394,1.258
0.394,1.139
0.394,3.095
0.395,-3.720
0.395,6.283
0.395,12.707
0.396,7.456
0.396,5.116
0.396,4.598
0.396,1.847
0.396,4.305
0.397,3.452
0.397,0.174
0.397,2.460
0.397,2.219
0.397,-2.540
0.398,2.061
0.398,-2.924
0.398,3.367
0.398,3.695
0.399,2.838
0.399,2.346
0.399,3.259
0.399,1.005
0.399,3.603
0.399,0.903
0.399,4.746
0.399,4.032
0.399,3.007
0.400,2.656
0.400,1.950
0.400,4.175
0.400,-4.600
0.400,3.891
0.401,-3.394
0.401,-1.754
0.401,1.562
0.402,-3.086
0.402,1.400
0.402,1.666
0.402,1.757
0.403,3.780
0.403,2.551
0.404,3.171
0.404,4.511
0.404,-1.435
0.404,3.521
0.404,1.151
0.404,-3.689
0.405,0.614
0.405,2.280
0.405,2.147
0.406,3.082
0.406,2.783
0.406,3.421
0.406,4.676
0.406,2.439
0.406,1.839
0.407,4.113
0.407,2.038
0.407,2.922
0.407,3.978
0.408,4.293
0.408,0.838
0.408,3.651
0.408,4.903
0.409,3.316
0.409,-3.217
0.410,2.646
0.410,1.935
0.410,3.872
0.410,3.230
0.410,-2.817
0.411,1.583
0.412,-3.053
0.412,1.442
0.412,-2.577
0.412,2.207
0.412,3.763
0.412,3.562
0.412,3.005
0.413,1.218
0.413,2.561
0.413,6.123
0.413,1.780
0.413,-3.864
0.413,3.147
0.413,4.490
0.414,2.359
0.414,4.041
0.414,2.722
0.414,5.548
0.414,4.355
0.415,4.215
0.415,2.845
0.415,3.460
0.416,2.089
0.416,-1.638
0.416,3.944
0.417,3.685
0.417,2.459
0.417,0.535
0.418,-1.742
0.418,4.897
0.418,3.831
0.419,3.368
0.419,13.484
0.419,4.609
0.419,2.275
0.419,3.261
0.419,5.780
0.419,1.299
0.420,4.113
0.420,2.928
0.421,1.719
0.421,12.629
0.421,3.059
0.421,1.922
0.421,4.408
0.421,2.645
0.422,4.751
0.422,2.160
0.422,3.548
0.422,10.389
0.422,1.423
0.422,2.781
0.423,3.179
0.423,2.554
0.424,-2.454
0.425,3.989
0.425,11.128
0.425,3.448
0.425,2.406
0.425,3.744
0.426,4.190
0.426,1.627
0.426,1.822
0.426,4.301
0.426,3.904
0.426,1.162
0.426,2.051
0.426,-2.160
0.427,-2.988
0.427,-2.268
0.427,3.312
0.427,3.658
0.427,1.520
0.428,-2.700
0.428,2.305
0.428,-4.419
0.429,3.008
0.429,2.714
0.429,2.856
0.429,4.696
0.430,11.842
0.430,4.109
0.430,4.594
0.430,0.990
0.431,1.963
0.431,4.507
0.431,7.423
0.431,3.104
0.431,8.297
0.431,-2.057
0.431,4.933
0.431,4.404
0.431,3.533
0.432,2.186
0.432,3.204
0.432,-3.483
0.433,11.545
0.433,6.368
0.433,-1.938
0.433,0.576
0.433,5.122
0.433,3.837
0.433,11.976
0.433,2.588
0.433,3.387
0.433,10.331
0.433,4.027
0.434,2.936
0.434,1.259
0.434,2.432
0.435,3.745
0.435,1.791
0.435,4.291
0.435,1.700
0.435,2.093
0.436,4.187
0.436,3.937
0.436,13.847
0.437,2.342
0.437,1.492
0.437,3.660
0.437,2.779
0.437,0.729
0.437,3.297
0.438,4.745
0.438,3.032
0.439,2.686
0.439,5.264
0.439,4.640
0.439,1.876
0.440,3.468
0.440,3.140
0.440,4.861
0.440,2.014
0.441,-0.843
0.441,4.510
0.441,2.244
0.441,3.565
0.441,4.385
0.441,-1.324
0.442,4.095
0.442,2.485
0.442,4.986
0.443,2.865
0.443,-3.869
0.443,3.375
0.443,3.812
0.443,2.955
0.443,1.602
0.443,1.178
0.443,2.585
0.445,3.980
0.445,1.706
0.445,3.220
0.446,2.114
0.446,4.207
0.446,-2.855
0.446,-3.291
0.446,3.721
0.446,-2.703
0.446,2.368
0.447,4.295
0.448,2.732
0.448,5.345
0.448,1.320
0.448,5.160
0.448,3.070
0.448,3.896
0.449,1.899
0.449,1.787
0.449,6.691
0.449,4.461
0.449,4.748
0.450,3.498
0.450,2.267
0.450,5.864
0.450,3.612
0.450,1.445
0.451,5.556
0.451,4.063
0.451,5.042
0.451,-1.852
0.451,-1.108
0.451,11.388
0.451,2.530
0.451,-2.053
0.452,3.342
0.452,4.369
0.452,2.920
0.452,5.768
0.452,2.808
0.452,2.624
0.452,3.810
0.452,2.444
0.452,6.180
0.453,4.860
0.453,2.049
0.453,4.624
0.453,-1.490
0.454,3.139
0.454,0.953
0.454,4.155
0.455,3.973
0.455,3.259
0.455,1.560
0.455,3.421
0.455,1.228
0.455,4.528
0.456,3.706
0.456,4.293
0.456,-0.974
0.456,2.998
0.456,1.728
0.457,9.820
0.457,1.956
0.457,2.723
0.457,2.360
0.457,5.387
0.458,1.869
0.458,2.221
0.458,3.552
0.458,-2.606
0.458,-2.765
0.459,3.895
0.459,4.923
0.459,7.122
0.460,0.494
0.460,-3.258
0.460,4.436
0.460,-3.149
0.460,4.797
0.460,13.145
0.460,4.092
0.460,2.882
0.460,-4.256
0.461,4.216
0.461,3.073
0.461,2.614
0.462,2.449
0.462,4.667
0.462,3.202
0.462,3.802
0.462,11.534
0.463,-1.718
0.463,3.629
0.463,3.306
0.463,5.638
0.463,2.066
0.464,0.858
0.464,4.577
0.464,3.978
0.464,-2.370
0.464,3.479
0.464,6.019
0.465,2.289
0.465,2.157
0.465,3.389
0.466,-1.235
0.466,2.775
0.466,5.009
0.466,4.338
0.466,-3.963
0.466,1.416
0.467,1.797
0.467,7.471
0.467,6.106
0.467,1.611
0.467,2.989
0.468,4.484
0.468,3.716
0.468,2.536
0.468,1.934
0.469,5.239
0.469,4.143
0.469,8.111
0.469,3.892
0.469,4.746
0.469,4.838
0.469,1.192
0.470,3.125
0.470,2.875
0.470,2.647
0.470,3.572
0.470,2.394
0.470,4.045
0.471,4.248
0.471,3.233
0.471,5.134
0.472,4.644
0.472,2.220
0.472,4.405
0.473,-3.301
0.473,3.447
0.473,3.810
0.473,-2.884
0.473,2.016
0.474,4.558
0.474,2.104
0.474,-1.710
0.474,3.323
0.474,13.211
0.474,-1.458
0.474,4.945
0.475,1.868
0.475,3.042
0.476,2.952
0.476,2.777
0.476,3.661
0.476,5.031
0.477,3.978
0.477,12.712
0.477,1.721
0.477,2.320
0.477,4.311
0.477,5.267
0.478,6.308
0.478,4.110
0.478,3.177
0.478,1.467
0.479,2.475
0.479,3.515
0.479,4.702
0.479,4.198
0.479,7.267
0.479,10.525
0.479,2.860
0.479,3.874
0.479,4.849
0.480,2.685
0.480,3.741
0.480,1.610
0.480,4.497
0.481,3.388
0.481,5.115
0.481,13.067
0.481,2.172
0.481,1.970
0.482,1.042
0.482,-1.907
0.482,-3.242
0.482,3.268
0.482,12.414
0.482,2.564
0.483,4.413
0.483,-2.695
0.483,3.095
0.483,1.800
0.483,8.903
0.484,-0.724
0.484,4.627
0.484,4.967
0.484,0.364
0.484,1.887
0.484,3.607
0.485,1.381
0.485,4.037
0.485,2.982
0.486,5.761
0.486,4.271
0.487,3.458
0.487,3.822
0.487,2.388
0.487,11.408
0.487,5.346
0.487,4.157
0.487,2.751
0.488,3.194
0.488,3.933
0.488,3.689
0.488,2.276
0.488,4.545
0.488,2.085
0.488,10.423
0.488,4.884
0.488,2.889
0.488,4.759
0.489,5.056
0.489,-1.348
0.489,1.690
0.489,-1.450
0.490,5.436
0.490,2.648
0.490,5.232
0.490,-4.049
0.491,5.526
0.491,3.304
0.491,2.188
0.491,4.677
0.491,1.521
0.492,3.543
0.492,4.355
0.492,-3.782
0.492,3.051
0.493,4.442
0.493,11.128
0.493,7.075
0.494,2.547
0.494,11.247
0.494,4.073
0.494,1.945
0.494,4.954
0.494,-0.812
0.494,3.387
0.494,4.231
0.495,9.861
0.495,2.825
0.495,8.560
0.495,-1.086
0.495,4.820
0.495,3.781
0.495,2.948
0.495,3.988
0.496,6.071
0.496,11.974
0.496,0.630
0.496,3.630
0.496,2.714
0.496,2.455
0.496,3.231
0.496,4.589
0.496,3.876
0.497,-1.191
0.498,6.363
0.498,3.123
0.498,4.151
0.499,1.595
0.499,-1.618
0.499,8.766
0.499,2.298
0.499,5.871
0.499,5.439
0.499,2.085
0.499,1.709
0.500,3.459
0.500,4.506
0.500,5.132
0.500,4.393
0.500,2.626
0.500,2.207
0.501,1.495
0.501,3.330
0.501,4.290
0.502,3.546
0.502,4.716
0.502,5.559
0.502,10.851
0.502,5.037
0.503,5.317
0.503,4.873
0.503,4.068
0.503,3.039
0.503,1.933
0.503,2.377
0.504,-2.577
0.504,5.219
0.504,3.722
0.504,3.821
0.504,-1.898
0.504,2.904
0.504,-2.817
0.505,3.195
0.505,-3.437
0.505,3.920
0.505,-3.320
0.506,1.810
0.506,4.595
0.506,3.623
0.506,2.552
0.506,2.804
0.506,4.203
0.507,3.402
0.507,-2.088
0.507,6.689
0.507,4.448
0.508,2.147
0.508,0.246
0.508,4.347
0.509,3.997
0.509,5.100
0.510,5.506
0.510,2.707
0.510,4.804
0.510,6.049
0.510,3.507
0.510,3.107
0.510,5.606
0.511,-3.666
0.511,2.060
0.511,3.315
0.511,4.974
0.511,4.691
0.511,2.428
0.511,2.309
0.511,4.116
0.511,2.987
0.512,1.546
0.512,3.772
0.513,1.881
0.513,3.872
0.513,1.326
0.513,4.517
0.514,0.684
0.514,3.676
0.514,2.618
0.514,5.194
0.514,13.818
0.515,3.587
0.515,13.068
0.515,3.232
0.515,11.485
0.516,2.871
0.516,4.265
0.516,3.413
0.516,-2.495
0.516,5.788
0.517,2.773
0.517,10.266
0.517,4.433
0.517,2.211
0.518,4.604
0.518,-2.330
0.518,4.887
0.518,-1.734
0.518,5.380
0.518,7.771
0.518,4.026
0.518,1.459
0.518,2.519
0.519,-1.412
0.519,4.746
0.519,3.043
0.519,4.173
0.520,6.942
0.520,5.273
0.520,2.359
0.520,5.091
0.520,3.510
0.520,10.656
0.520,2.948
0.521,2.130
0.521,4.968
0.521,3.813
0.521,3.158
0.522,-1.102
0.522,7.228
0.522,3.312
0.522,1.307
0.522,2.664
0.523,5.961
0.523,3.904
0.523,3.636
0.523,4.358
0.523,4.507
0.523,-3.578
0.524,-3.835
0.524,2.016
0.524,13.023
0.525,1.847
0.525,3.406
0.525,4.660
0.525,2.832
0.525,5.507
0.526,4.269
0.526,3.729
0.526,5.198
0.526,2.253
0.526,4.095
0.526,4.838
0.527,-0.980
0.527,-1.332
0.527,3.992
0.528,10.915
0.528,2.489
0.528,3.076
0.528,1.395
0.528,4.183
0.529,3.223
0.529,4.434
0.529,7.129
0.529,5.366
0.529,2.919
0.530,5.065
0.530,1.718
0.530,2.742
0.530,3.543
0.530,6.359
0.530,3.847
0.530,4.581
0.530,2.129
0.530,6.459
0.531,4.948
0.531,4.758
0.531,2.581
0.531,-3.415
0.531,11.675
0.531,-0.593
0.531,5.910
0.532,3.326
0.532,1.946
0.532,2.397
0.532,3.650
0.532,12.403
0.533,11.902
0.533,4.346
0.534,5.579
0.534,1.802
0.534,12.608
0.534,3.431
0.535,5.291
0.535,4.121
0.535,3.765
0.535,4.258
0.535,4.660
0.535,9.544
0.536,5.146
0.536,3.950
0.536,2.272
0.536,4.862
0.536,4.501
0.536,3.014
0.537,3.149
0.537,-3.786
0.537,6.024
0.537,2.862
0.537,2.679
0.538,2.496
0.538,9.873
0.538,-3.494
0.539,3.253
0.539,3.579
0.539,2.145
0.539,1.651
0.540,4.035
0.540,8.894
0.540,5.650
0.540,4.982
0.540,3.852
0.540,4.752
0.541,3.348
0.541,4.425
0.542,4.182
0.542,5.222
0.542,5.474
0.542,2.770
0.542,5.358
0.542,3.674
0.542,1.404
0.542,-1.998
0.542,4.588
0.543,4.321
0.543,2.384
0.543,2.596
0.543,5.067
0.544,12.203
0.544,11.112
0.544,3.455
0.544,1.853
0.544,-1.044
0.544,2.033
0.544,3.090
0.545,5.816
0.545,4.828
0.545,7.206
0.545,6.254
0.545,9.110
0.545,0.858
0.546,6.054
0.546,3.929
0.546,2.969
0.546,1.728
0.546,3.196
0.546,4.103
0.547,3.773
0.547,4.671
0.547,11.375
0.547,3.284
0.547,3.541
0.547,2.275
0.547,2.515
0.548,-3.159
0.548,4.930
0.548,4.496
0.549,6.807
0.549,5.547
0.549,5.149
0.549,-1.211
0.549,2.876
0.550,4.013
0.550,2.167
0.550,-1.452
0.550,5.281
0.550,1.949
0.550,10.599
0.551,2.717
0.551,4.257
0.551,5.013
0.551,3.390
0.551,5.377
0.552,3.680
0.552,5.758
0.552,4.581
0.552,4.388
0.552,10.688
0.553,2.587
0.553,-1.005
0.553,3.855
0.553,4.786
0.553,2.407
0.554,-2.829
0.554,-2.634
0.554,3.110
0.555,12.157
0.555,10.219
0.555,5.676
0.555,13.398
0.555,2.957
0.556,4.133
0.556,3.469
0.556,3.255
0.556,3.599
0.556,1.736
0.557,4.669
0.557,-0.359
0.557,3.954
0.557,5.496
0.557,4.947
0.557,-1.727
0.557,5.085
0.557,2.303
0.558,5.899
0.558,5.215
0.558,3.769
0.558,2.494
0.558,6.150
0.558,2.665
0.558,-2.140
0.558,2.812
0.559,5.326
0.559,-3.402
0.559,4.042
0.559,4.504
0.560,4.326
0.560,11.782
0.560,4.238
0.560,4.861
0.561,1.910
0.561,5.615
0.562,4.747
0.562,4.597
0.562,3.047
0.563,11.299
0.563,3.881
0.563,3.169
0.563,3.529
0.563,3.700
0.564,3.331
0.564,-0.651
0.564,2.913
0.565,6.053
0.565,6.744
0.565,12.674
0.565,5.435
0.565,4.157
0.565,2.433
0.565,-1.361
0.565,2.127
0.566,5.814
0.566,10.233
0.566,4.432
0.566,5.009
0.566,1.043
0.566,5.538
0.566,5.121
0.566,3.971
0.566,2.550
0.566,-1.637
0.567,-1.762
0.567,5.234
0.567,-3.724
0.567,3.420
0.567,5.716
0.568,4.284
0.568,2.748
0.568,3.625
0.568,4.815
0.569,1.982
0.569,4.516
0.569,5.331
0.569,2.652
0.569,4.691
0.569,-0.255
0.569,6.922
0.569,3.777
0.569,3.246
0.570,2.317
0.571,3.001
0.571,11.353
0.572,4.901
0.572,5.906
0.572,4.091
0.573,-0.401
0.573,2.222
0.573,3.159
0.573,2.871
0.574,4.387
0.574,5.173
0.574,8.815
0.574,3.694
0.574,3.552
0.574,13.251
0.574,5.434
0.574,4.606
0.574,5.065
0.575,6.542
0.575,3.903
0.575,4.223
0.575,3.341
0.576,2.543
0.576,11.848
0.577,4.009
0.577,2.779
0.577,5.267
0.577,4.752
0.577,4.471
0.577,9.968
0.578,3.444
0.578,2.645
0.578,4.973
0.579,5.589
0.579,-3.210
0.579,3.231
0.579,3.771
0.579,1.846
0.579,-1.724
0.579,4.301
0.580,4.848
0.580,5.752
0.580,3.092
0.580,4.142
0.581,5.870
0.581,2.960
0.581,1.993
0.581,2.148
0.582,3.633
0.582,5.385
0.582,1.469
0.583,5.195
0.583,6.676
0.583,4.555
0.583,4.655
0.583,5.963
0.583,2.423
0.583,-3.742
0.583,4.381
0.583,2.301
0.583,6.124
0.584,5.048
0.584,3.373
0.584,3.933
0.584,3.519
0.584,4.063
0.586,6.275
0.586,2.872
0.586,2.591
0.586,3.845
0.586,2.716
0.586,4.214
0.586,5.299
0.586,12.002
0.586,-0.965
0.586,3.287
0.586,4.914
0.586,6.378
0.587,5.529
0.587,4.757
0.587,-1.251
0.587,10.857
0.587,1.687
0.587,5.660
0.587,4.470
0.588,6.570
0.589,3.045
0.590,3.705
0.590,11.887
0.590,5.889
0.590,11.602
0.590,9.243
0.590,5.787
0.591,1.931
0.591,3.198
0.591,-3.691
0.591,4.132
0.591,2.114
0.591,4.612
0.591,3.457
0.592,5.166
0.592,6.805
0.592,4.340
0.592,1.136
0.592,5.407
0.592,4.017
0.593,5.974
0.593,12.809
0.593,4.986
0.593,4.832
0.593,3.927
0.593,2.329
0.593,4.698
0.594,1.403
0.594,2.483
0.595,12.472
0.595,4.248
0.595,4.531
0.595,3.594
0.595,2.940
0.595,3.794
0.595,3.334
0.595,5.082
0.595,5.248
0.596,2.744
0.596,4.430
0.596,6.503
0.596,9.399
0.596,6.235
0.596,5.621
0.596,5.529
0.597,-0.661
0.598,1.834
0.599,8.741
0.599,3.052
0.599,5.351
0.600,5.856
0.600,4.905
0.600,3.223
0.600,4.095
0.600,4.637
0.600,11.265
0.601,4.328
0.601,4.757
0.601,3.463
0.601,3.667
0.602,3.968
0.602,-1.166
0.602,5.010
0.602,5.977
0.602,5.183
0.602,5.442
0.603,1.475
0.603,12.418
0.603,-0.941
0.603,-1.309
0.604,3.876
0.604,5.693
0.604,2.850
0.604,4.488
0.604,-1.526
0.604,5.097
0.604,4.190
0.605,5.276
0.605,3.579
0.605,3.132
0.605,3.790
0.606,6.808
0.606,2.268
0.606,3.332
0.606,4.402
0.606,2.408
0.606,2.727
0.607,5.586
0.607,5.787
0.607,-0.723
0.607,11.051
0.608,4.845
0.608,-2.268
0.608,11.869
0.608,1.077
0.608,4.584
0.608,2.979
0.609,4.052
0.609,5.876
0.609,4.933
0.609,5.381
0.609,12.901
0.609,3.243
0.609,2.633
0.609,12.242
0.610,4.690
0.610,5.500
0.610,3.706
0.610,1.686
0.610,4.269
0.611,3.437
0.611,3.962
0.612,2.136
0.612,5.176
0.612,5.044
0.612,2.009
0.613,5.970
0.613,1.247
0.613,-0.622
0.613,3.624
0.613,10.086
0.613,2.830
0.613,6.119
0.614,4.473
0.614,3.835
0.614,13.652
0.614,4.159
0.614,5.280
0.614,-0.882
0.615,7.629
0.615,4.373
0.615,4.789
0.615,5.664
0.615,12.314
0.616,0.439
0.616,2.708
0.616,5.816
0.616,6.344
0.616,-1.875
0.617,4.884
0.617,3.507
0.617,4.612
0.617,2.949
0.617,5.429
0.617,5.555
0.617,3.363
0.618,3.758
0.618,11.345
0.618,4.083
0.619,1.855
0.619,-3.211
0.619,6.215
0.619,3.266
0.619,4.988
0.620,5.105
0.620,4.285
0.620,-3.485
0.620,11.693
0.620,3.949
0.621,2.456
0.621,3.673
0.621,5.210
0.621,1.506
0.621,4.689
0.621,5.938
0.621,8.235
0.621,2.143
0.622,9.248
0.622,4.533
0.622,5.354
0.623,4.444
0.623,3.048
0.623,11.505
0.624,4.152
0.624,2.825
0.624,5.611
0.625,3.581
0.625,4.778
0.625,5.850
0.625,10.313
0.625,13.471
0.625,3.159
0.625,5.713
0.626,5.517
0.626,3.438
0.626,6.382
0.626,3.848
0.627,6.038
0.627,4.879
0.627,4.042
0.627,12.837
0.627,5.035
0.627,-1.012
0.628,-1.837
0.628,5.273
0.628,5.143
0.628,12.553
0.628,7.702
0.628,5.420
0.629,11.848
0.629,7.112
0.629,3.285
0.630,4.590
0.630,4.230
0.630,4.364
0.630,3.933
0.630,2.926
0.630,2.572
0.631,3.724
0.631,4.484
0.632,4.956
0.632,-3.400
0.632,-0.879
0.632,3.098
0.632,5.789
0.632,3.630
0.632,2.128
0.633,4.691
0.633,6.122
0.633,6.675
0.633,1.252
0.633,5.904
0.634,4.816
0.634,2.346
0.634,5.663
0.634,5.561
0.634,4.112
0.634,3.200
0.635,2.686
0.635,-1.528
0.635,-2.747
0.635,7.000
0.635,4.003
0.636,5.327
0.636,5.196
0.636,2.816
0.636,3.449
0.636,-2.096
0.637,6.026
0.637,5.105
0.637,3.553
0.637,-3.170
0.637,5.463
0.638,3.820
0.638,4.405
0.638,-1.044
0.639,-0.535
0.639,4.190
0.639,4.547
0.639,3.916
0.639,6.187
0.639,4.895
0.640,4.320
0.640,-1.909
0.640,6.479
0.640,6.572
0.641,1.682
0.641,5.751
0.641,4.742
0.641,3.670
0.641,11.240
0.641,3.137
0.641,5.013
0.642,9.018
0.642,5.845
0.642,2.222
0.642,4.630
0.643,5.618
0.643,6.750
0.643,13.674
0.643,6.310
0.644,5.531
0.644,5.382
0.644,5.968
0.644,2.699
0.644,10.555
0.645,5.273
0.645,6.094
0.645,2.434
0.645,2.346
0.645,-0.418
0.645,3.998
0.645,4.092
0.646,4.819
0.646,5.129
0.646,3.500
0.646,2.143
0.646,3.352
0.647,3.230
0.647,4.462
0.648,-0.704
0.648,4.266
0.648,4.549
0.649,-3.471
0.649,-1.073
0.649,-3.367
0.649,4.957
0.649,4.179
0.649,5.696
0.649,2.590
0.650,3.747
0.650,3.834
0.650,4.711
0.650,2.859
0.650,5.454
0.651,6.433
0.651,5.878
0.651,3.661
0.651,4.377
0.651,5.208
0.652,5.593
0.652,8.938
0.652,5.791
0.652,3.059
0.652,8.688
0.652,6.226
0.652,5.332
0.653,2.973
0.653,2.215
0.653,5.070
0.653,-0.614
0.654,4.631
0.654,4.865
0.654,-2.897
0.654,3.958
0.654,6.039
0.655,3.566
0.655,4.079
0.655,2.357
0.655,1.615
0.656,-1.270
0.656,2.467
0.656,-0.796
0.656,3.388
0.656,-0.359
0.657,1.121
0.657,4.447
0.657,4.280
0.657,1.034
0.658,13.366
0.658,2.647
0.658,4.978
0.659,-1.659
0.659,5.151
0.659,5.938
0.659,6.546
0.659,5.409
0.659,6.368
0.659,5.521
0.660,3.828
0.660,11.028
0.660,5.643
0.660,5.257
0.661,4.794
0.661,3.710
0.661,6.114
0.661,5.850
0.661,4.194
0.661,3.266
0.661,2.755
0.662,2.895
0.662,-1.521
0.662,5.740
0.662,4.015
0.663,4.539
0.663,4.349
0.663,3.911
0.663,6.271
0.663,-1.134
0.663,11.210
0.663,4.688
0.663,5.065
0.663,10.751
0.664,3.441
0.664,3.120
0.665,4.910
0.665,3.582
0.665,1.648
0.665,6.021
0.666,6.432
0.666,-1.012
0.666,5.338
0.667,4.439
0.667,-2.786
0.667,5.452
0.667,4.110
0.668,5.209
0.668,5.583
0.668,5.907
0.668,4.280
0.669,2.956
0.669,5.676
0.669,4.992
0.670,5.820
0.670,6.193
0.670,2.658
0.670,3.806
0.670,6.730
0.670,4.591
0.670,3.335
0.670,1.823
0.670,6.106
0.671,3.665
0.671,4.825
0.672,6.323
0.672,4.021
0.672,4.723
0.672,0.933
0.672,-1.340
0.672,6.975
0.672,2.748
0.673,6.535
0.673,5.075
0.673,3.230
0.673,4.185
0.674,1.101
0.674,11.071
0.674,3.451
0.674,3.915
0.674,4.910
0.674,5.510
0.675,4.511
0.675,5.310
0.675,5.964
0.675,2.418
0.675,4.360
0.676,-0.946
0.676,7.691
0.676,2.862
0.677,3.086
0.677,2.251
0.677,5.745
0.677,5.637
0.677,-0.476
0.678,3.593
0.678,-2.014
0.678,5.403
0.678,2.525
0.679,7.877
0.679,5.190
0.679,8.218
0.679,4.274
0.680,4.593
0.680,5.835
0.680,3.803
0.680,6.123
0.680,4.793
0.680,4.989
0.681,3.380
0.681,4.112
0.681,4.686
0.681,6.340
0.681,2.681
0.681,6.243
0.681,-1.779
0.682,3.271
0.683,6.026
0.683,-0.212
0.683,5.077
0.684,5.553
0.684,4.456
0.684,6.946
0.684,3.934
0.684,5.297
0.684,5.923
0.684,4.900
0.685,4.359
0.685,-2.784
0.685,3.493
0.685,1.828
0.686,2.448
0.686,4.029
0.686,5.729
0.686,3.093
0.686,-1.070
0.687,4.178
0.687,5.641
0.688,6.446
0.688,10.757
0.688,5.195
0.688,4.744
0.688,5.453
0.689,6.108
0.689,2.151
0.689,3.663
0.689,6.289
0.689,4.642
0.690,5.827
0.690,6.196
0.690,-0.366
0.690,4.992
0.690,4.263
0.690,3.817
0.690,-0.772
0.691,5.358
0.691,2.688
0.692,3.190
0.692,-1.567
0.692,4.851
0.693,4.098
0.693,3.335
0.693,5.110
0.693,5.539
0.693,2.811
0.693,5.965
0.693,1.611
0.694,5.266
0.694,4.538
0.694,3.964
0.694,4.385
0.695,9.031
0.695,6.379
0.695,3.436
0.696,5.721
0.697,5.621
0.697,6.518
0.698,3.563
0.698,2.539
0.698,4.201
0.698,4.778
0.699,6.061
0.699,4.643
0.699,1.932
0.699,8.157
0.699,3.110
0.699,-0.264
0.699,5.885
0.700,6.799
0.700,5.397
0.700,6.218
0.700,3.273
0.701,2.665
0.701,5.197
0.701,5.017
0.701,4.070
0.701,3.862
0.702,4.279
0.702,4.440
0.702,6.950
0.703,6.603
0.703,3.697
0.703,5.300
0.704,5.508
0.704,2.459
0.704,2.943
0.705,-0.717
0.705,3.485
0.705,5.801
0.705,6.127
0.705,3.781
0.706,4.870
0.706,5.982
0.706,6.325
0.706,-0.352
0.707,6.484
0.707,5.648
0.707,3.033
0.707,3.989
0.707,5.100
0.708,4.161
0.708,4.694
0.708,-0.964
0.708,4.570
0.709,2.795
0.709,5.901
0.710,-1.185
0.710,5.373
0.710,4.970
0.710,6.656
0.710,3.181
0.710,6.203
0.710,13.028
0.710,9.779
0.711,5.227
0.711,3.891
0.711,6.568
0.712,4.289
0.712,3.641
0.712,2.513
0.712,3.344
0.713,5.548
0.713,6.811
0.713,4.072
0.713,5.718
0.713,4.411
0.713,6.053
0.715,2.347
0.715,5.825
0.715,2.981
0.715,4.837
0.715,0.536
0.715,-1.828
0.715,6.314
0.715,1.151
0.716,3.975
0.716,5.957
0.717,5.124
0.717,4.640
0.718,4.920
0.718,6.709
0.718,6.418
0.718,5.312
0.718,5.640
0.718,6.143
0.718,4.525
0.719,4.180
0.719,3.280
0.719,3.826
0.719,-0.853
0.720,5.026
0.720,5.432
0.720,4.329
0.721,-5.000
0.721,5.229
0.721,6.880
0.721,6.505
0.722,3.420
0.722,6.241
0.722,3.634
0.723,3.517
0.723,6.634
0.723,3.036
0.723,5.771
0.724,5.518
0.724,5.889
0.724,6.782
0.725,4.781
0.725,2.324
0.725,4.431
0.726,8.104
0.726,4.609
0.726,6.344
0.726,2.521
0.726,2.750
0.727,3.936
0.727,6.159
0.727,4.128
0.728,5.295
0.728,7.053
0.728,2.917
0.728,4.699
0.728,5.598
0.728,4.040
0.728,5.163
0.728,4.253
0.729,6.440
0.729,6.051
0.729,5.005
0.729,3.724
0.729,11.185
0.730,6.697
0.730,0.269
0.731,5.951
0.731,4.900
0.731,3.809
0.732,12.246
0.732,5.829
0.732,5.720
0.732,4.364
0.732,-0.041
0.733,6.292
0.733,7.968
0.734,3.498
0.734,5.483
0.734,1.424
0.735,4.455
0.735,5.366
0.735,4.609
0.735,6.848
0.736,6.570
0.736,2.365
0.736,7.245
0.736,5.639
0.737,3.998
0.737,4.756
0.737,5.078
0.737,6.160
0.738,5.189
0.738,6.403
0.738,3.100
0.738,3.369
0.738,3.262
0.738,4.270
0.738,3.875
0.739,5.997
0.739,-0.162
0.739,1.051
0.739,5.879
0.739,4.126
0.739,-1.509
0.740,0.703
0.740,13.470
0.740,4.852
0.741,6.659
0.741,4.955
0.741,-1.614
0.742,5.722
0.743,-1.767
0.743,12.159
0.743,4.388
0.743,-0.721
0.743,6.518
0.743,5.523
0.744,1.841
0.744,3.665
0.744,5.339
0.744,6.221
0.744,4.495
0.745,6.094
0.745,10.898
0.745,4.051
0.745,2.232
0.746,4.639
0.746,7.000
0.746,5.066
0.746,6.852
0.747,4.731
0.747,5.935
0.747,5.808
0.747,3.799
0.747,1.194
0.747,6.380
0.748,5.190
0.748,-0.538
0.748,3.354
0.749,5.596
0.749,4.139
0.749,5.410
0.750,2.401
0.750,6.020
0.750,3.895
0.750,2.727
0.750,7.591
0.750,7.108
0.751,-2.917
0.751,6.626
0.751,-0.113
0.752,6.164
0.752,7.498
0.752,11.027
0.752,5.681
0.752,6.771
0.752,-1.840
0.752,4.953
0.752,4.302
0.753,6.266
0.753,6.473
0.754,3.677
0.754,4.523
0.754,9.613
0.754,3.434
0.755,3.538
0.755,5.878
0.756,-1.025
0.756,5.254
0.756,7.231
0.756,5.789
0.757,5.516
0.757,3.221
0.757,2.867
0.757,4.815
0.757,5.114
0.758,9.033
0.758,-0.444
0.758,5.358
0.758,13.264
0.758,6.352
0.758,4.045
0.759,5.960
0.759,6.089
0.759,8.934
0.759,-2.266
0.759,2.621
0.759,2.952
0.759,-0.857
0.760,3.901
0.760,6.925
0.760,6.689
0.760,6.203
0.761,5.657
0.761,1.879
0.761,4.672
0.761,4.410
0.761,6.532
0.762,5.437
0.763,5.005
0.764,3.423
0.764,7.480
0.764,4.136
0.764,12.053
0.765,6.414
0.765,5.295
0.765,4.319
0.765,6.612
0.765,5.808
0.766,7.061
0.766,12.409
0.766,3.975
0.766,6.830
0.766,5.896
0.767,0.718
0.767,6.002
0.767,4.604
0.768,2.877
0.768,6.296
0.768,5.521
0.769,5.195
0.769,3.571
0.770,2.976
0.770,6.085
0.770,3.307
0.770,4.501
0.770,5.687
0.770,6.197
0.771,6.488
0.771,12.914
0.771,4.747
0.771,3.788
0.772,4.896
0.772,6.744
0.772,2.026
0.773,5.406
0.773,4.191
0.773,1.589
0.773,3.488
0.773,2.634
0.773,6.915
0.774,4.098
0.774,4.383
0.775,5.052
0.775,7.124
0.775,6.640
0.775,-3.471
0.776,5.811
0.776,2.760
0.776,-0.900
0.776,4.297
0.777,6.831
0.777,-1.145
0.777,1.505
0.777,-0.143
0.777,12.593
0.778,3.964
0.778,3.370
0.778,6.129
0.778,0.327
0.778,4.620
0.779,6.021
0.779,2.320
0.779,6.536
0.779,5.630
0.780,1.213
0.780,6.388
0.780,7.008
0.780,5.896
0.781,3.701
0.781,5.502
0.781,5.276
0.781,5.725
0.782,4.718
0.783,5.403
0.783,12.056
0.783,4.908
0.783,6.214
0.783,3.548
0.783,3.073
0.783,2.675
0.784,7.308
0.784,6.685
0.784,-1.364
0.784,3.814
0.784,5.048
0.785,4.268
0.786,1.935
0.786,6.842
0.786,6.317
0.787,2.927
0.787,4.105
0.787,1.683
0.787,-1.961
0.787,4.597
0.788,7.127
0.788,6.084
0.788,5.584
0.788,1.253
0.789,1.103
0.789,6.534
0.789,3.932
0.789,5.970
0.789,3.224
0.789,5.681
0.790,4.976
0.790,5.186
0.790,5.862
0.790,6.749
0.791,6.431
0.791,4.434
0.791,5.452
0.792,3.643
0.792,-1.269
0.792,3.362
0.792,5.098
0.792,4.037
0.793,2.087
0.793,6.918
0.793,6.254
0.793,6.162
0.794,7.761
0.794,-0.667
0.795,4.174
0.795,0.778
0.795,7.057
0.795,4.787
0.796,6.667
0.796,3.068
0.796,3.791
0.796,2.388
0.796,4.637
0.796,-0.827
0.796,5.277
0.797,2.541
0.797,5.778
0.797,4.333
0.797,6.814
0.797,11.732
0.797,6.032
0.798,6.336
0.799,5.668
0.799,7.169
0.800,11.928
0.800,6.504
0.800,5.535
0.800,4.096
0.800,5.880
0.801,1.711
0.801,3.593
0.801,4.233
0.802,6.113
0.802,4.566
0.803,-1.703
0.804,6.207
0.804,4.445
0.804,6.891
0.805,6.997
0.805,10.316
0.805,6.398
0.805,3.475
0.805,6.695
0.805,4.668
0.805,5.087
0.806,-1.565
0.806,5.320
0.806,3.967
0.806,7.465
0.806,7.914
0.806,5.740
0.806,3.703
0.807,10.622
0.807,-0.372
0.808,5.624
0.808,6.032
0.808,4.815
0.809,5.227
0.809,1.966
0.809,5.451
0.809,6.566
0.809,1.132
0.809,12.801
0.809,-0.917
0.810,6.303
0.810,3.401
0.810,2.605
0.810,4.935
0.811,3.195
0.811,4.597
0.812,4.376
0.812,6.162
0.813,6.827
0.813,-0.100
0.813,0.371
0.813,4.274
0.814,4.042
0.814,2.876
0.814,6.738
0.814,0.954
0.814,5.352
0.815,5.887
0.815,2.189
0.815,6.433
0.815,1.744
0.815,4.160
0.815,6.638
0.816,3.849
0.816,7.029
0.816,5.708
0.816,2.690
0.816,1.296
0.817,5.169
0.817,4.508
0.817,-0.413
0.817,3.702
0.818,-0.268
0.818,7.474
0.818,4.810
0.818,6.347
0.818,6.523
0.818,6.081
0.818,7.146
0.819,3.499
0.819,6.227
0.819,3.003
0.820,1.955
0.820,6.914
0.820,7.376
0.821,0.216
0.821,3.338
0.821,5.985
0.822,1.398
0.822,5.779
0.822,4.086
0.822,-2.046
0.822,1.562
0.822,4.588
0.822,5.469
0.823,6.818
0.823,1.091
0.824,8.595
0.824,-0.145
0.824,3.574
0.824,5.310
0.825,9.256
0.825,4.317
0.825,-3.118
0.825,2.331
0.825,6.693
0.826,6.453
0.826,6.152
0.826,3.978
0.827,3.227
0.827,7.206
0.827,4.171
0.828,13.614
0.828,7.034
0.828,2.688
0.829,3.733
0.829,6.291
0.829,-0.001
0.829,6.585
0.829,-0.967
0.829,5.902
0.830,2.182
0.830,2.511
0.830,3.104
0.830,3.894
0.830,-0.753
0.831,5.716
0.831,4.700
0.832,4.880
0.832,0.292
0.832,10.907
0.832,6.764
0.833,6.851
0.833,0.196
0.833,2.271
0.833,4.506
0.833,6.076
0.833,6.209
0.834,9.618
0.834,5.331
0.834,1.547
0.835,7.103
0.835,6.470
0.835,-2.477
0.836,-1.319
0.836,3.599
0.836,-2.074
0.836,3.388
0.837,1.869
0.837,0.878
0.837,4.209
0.837,7.304
0.837,6.988
0.837,10.010
0.837,4.327
0.838,5.618
0.838,3.798
0.838,7.196
0.838,6.359
0.839,5.860
0.839,6.617
0.839,2.399
0.839,3.478
0.839,3.237
0.839,1.119
0.839,1.389
0.839,2.551
0.840,2.877
0.842,4.804
0.842,5.153
0.842,3.696
0.842,6.773
0.842,3.883
0.843,6.523
0.843,-0.937
0.843,5.459
0.843,4.901
0.843,1.945
0.843,6.221
0.843,5.777
0.843,7.421
0.844,-0.832
0.844,1.742
0.844,0.794
0.845,2.045
0.845,6.024
0.845,1.237
0.845,-2.286
0.845,7.052
0.845,6.925
0.846,7.586
0.846,8.063
0.846,3.607
0.846,3.378
0.846,4.395
0.847,6.425
0.847,6.689
0.847,5.600
0.848,0.477
0.848,1.072
0.848,7.176
0.848,4.685
0.848,4.210
0.849,6.841
0.849,8.399
0.849,3.484
0.849,6.332
0.850,1.341
0.850,4.051
0.850,5.899
0.850,4.580
0.851,0.279
0.851,2.832
0.851,5.512
0.852,2.519
0.852,6.527
0.852,4.299
0.853,4.833
0.853,5.733
0.853,7.000
0.853,6.617
0.853,0.859
0.853,12.150
0.853,1.676
0.853,-0.882
0.854,7.261
0.854,6.205
0.854,3.835
0.854,3.696
0.854,4.493
0.855,3.115
0.856,3.326
0.856,0.666
0.856,-1.253
0.856,6.097
0.856,7.747
0.856,5.030
0.856,-1.923
0.857,2.203
0.857,3.221
0.858,6.699
0.858,1.156
0.858,-2.441
0.859,4.764
0.859,6.907
0.859,2.339
0.859,6.792
0.859,6.311
0.859,1.555
0.859,3.945
0.859,2.667
0.860,7.191
0.860,7.064
0.860,6.396
0.861,1.290
0.861,7.324
0.862,4.376
0.862,6.511
0.862,0.979
0.862,2.829
0.862,9.575
0.863,5.882
0.863,9.690
0.863,4.091
0.863,1.746
0.864,-0.540
0.864,4.281
0.864,-0.889
0.864,5.990
0.864,8.708
0.865,5.237
0.865,-0.136
0.865,0.741
0.865,6.610
0.865,2.913
0.865,6.181
0.866,3.608
0.866,5.702
0.866,3.114
0.866,7.462
0.866,4.525
0.867,1.934
0.867,1.435
0.867,1.074
0.867,1.830
0.867,2.107
0.867,4.834
0.867,7.591
0.868,6.983
0.868,3.368
0.868,6.707
0.868,6.894
0.868,0.404
0.868,6.445
0.869,13.784
0.869,3.000
0.869,4.957
0.869,2.592
0.869,6.259
0.870,0.537
0.871,2.190
0.871,4.638
0.871,7.308
0.871,1.559
0.871,3.455
0.872,4.455
0.872,4.126
0.872,6.539
0.872,7.172
0.872,2.461
0.872,7.833
0.873,0.176
0.873,4.221
0.873,6.100
0.873,-0.378
0.873,0.291
0.873,6.818
0.873,11.111
0.874,1.191
0.874,3.917
0.875,5.891
0.875,0.733
0.876,7.515
0.876,13.594
0.876,7.017
0.877,0.049
0.877,1.316
0.877,5.369
0.877,7.401
0.877,0.856
0.877,-0.301
0.877,0.971
0.877,4.841
0.877,2.958
0.878,2.292
0.878,3.305
0.878,2.118
0.878,3.649
0.878,6.391
0.879,3.127
0.879,6.892
0.880,3.847
0.880,7.620
0.880,1.596
0.881,1.712
0.881,1.851
0.881,5.735
0.882,0.392
0.882,0.533
0.882,4.005
0.882,1.996
0.882,7.192
0.882,2.504
0.882,1.435
0.882,4.690
0.883,3.555
0.883,6.767
0.883,3.033
0.883,6.644
0.883,7.103
0.883,5.975
0.883,4.520
0.884,2.387
0.884,6.484
0.884,7.341
0.885,0.687
0.885,3.209
0.885,11.589
0.885,6.295
0.886,3.781
0.886,2.157
0.887,2.260
0.887,3.404
0.887,7.875
0.888,1.539
0.888,1.929
0.888,1.114
0.888,6.388
0.889,6.877
0.889,4.182
0.889,9.722
0.889,7.663
0.889,2.934
0.889,1.231
0.889,4.082
0.889,0.806
0.890,1.650
0.890,2.709
0.890,7.036
0.891,3.700
0.891,7.410
0.891,0.416
0.891,2.797
0.891,7.219
0.892,1.828
0.892,4.923
0.892,0.550
0.892,4.393
0.892,1.032
0.892,2.470
0.892,5.808
0.893,-0.418
0.893,1.354
0.893,6.777
0.894,0.892
0.894,2.592
0.894,6.681
0.895,4.608
0.895,1.484
0.896,6.307
0.896,3.165
0.896,2.308
0.896,6.478
0.896,3.443
0.897,4.783
0.897,7.105
0.897,2.114
0.898,3.256
0.898,3.924
0.898,2.991
0.898,6.905
0.899,5.729
0.899,7.987
0.899,0.737
0.899,7.289
0.899,0.976
0.899,1.572
0.899,7.508
0.900,4.224
0.900,1.714
0.900,1.129
0.900,1.987
0.900,6.612
0.900,2.230
0.900,3.759
0.900,-1.063
0.900,3.575
0.901,0.048
0.901,10.919
0.901,4.115
0.901,2.694
0.901,2.410
0.902,0.188
0.902,4.710
0.903,1.426
0.904,-0.611
0.904,-2.339
0.905,6.370
0.905,6.766
0.905,1.328
0.905,6.967
0.905,0.433
0.905,6.537
0.905,1.887
0.905,7.642
0.905,2.920
0.905,4.359
0.906,0.519
0.906,2.523
0.906,0.800
0.907,7.157
0.907,2.047
0.907,1.655
0.907,0.627
0.907,3.098
0.908,2.807
0.908,6.214
0.908,2.288
0.908,7.244
0.908,3.479
0.909,7.866
0.909,0.939
0.909,7.488
0.909,3.791
0.910,7.375
0.911,-1.020
0.911,1.768
0.911,1.136
0.911,2.391
0.911,7.732
0.912,4.203
0.912,2.719
0.912,5.410
0.912,1.526
0.912,1.400
0.913,6.900
0.913,3.616
0.913,1.274
0.914,7.074
0.914,4.546
0.914,6.576
0.914,4.099
0.914,0.442
0.915,2.553
0.915,2.001
0.915,2.172
0.915,7.620
0.915,0.870
0.916,3.297
0.916,1.895
0.916,3.942
0.916,7.307
0.916,5.074
0.916,2.981
0.916,1.641
0.917,7.188
0.917,6.808
0.918,4.439
0.918,6.489
0.918,0.542
0.919,-2.660
0.919,4.286
0.920,2.340
0.920,1.093
0.920,3.063
0.920,1.200
0.921,1.463
0.921,-3.055
0.921,2.092
0.921,6.976
0.921,2.654
0.921,7.486
0.922,0.621
0.922,0.728
0.922,3.714
0.922,3.475
0.922,2.431
0.922,3.591
0.922,7.727
0.922,6.630
0.923,1.709
0.923,4.138
0.923,2.807
0.923,3.832
0.923,0.934
0.924,2.246
0.924,4.358
0.924,1.313
0.924,4.511
0.924,2.573
0.925,3.174
0.925,7.367
0.925,1.955
0.925,3.960
0.926,7.215
0.927,7.631
0.927,3.300
0.927,1.846
0.927,13.472
0.927,0.000
0.928,1.565
0.928,4.733
0.928,7.107
0.928,0.385
0.928,2.038
0.929,2.979
0.929,1.048
0.929,6.923
0.929,-0.136
0.930,6.767
0.930,1.436
0.930,7.450
0.930,3.657
0.930,1.214
0.930,6.001
0.930,4.623
0.930,3.524
0.931,1.653
0.931,6.680
0.931,0.831
0.931,0.094
0.931,6.350
0.931,4.091
0.932,7.989
0.932,4.186
0.932,-0.334
0.932,9.190
0.932,3.873
0.932,7.552
0.932,7.284
0.933,2.436
0.933,1.753
0.933,2.315
0.934,0.710
0.935,2.554
0.935,2.143
0.935,2.657
0.935,8.173
0.935,1.343
0.936,4.846
0.936,7.010
0.936,1.124
0.936,7.843
0.936,3.218
0.936,1.978
0.936,-1.036
0.937,1.890
0.938,3.316
0.938,2.922
0.938,7.393
0.938,-2.312
0.939,1.489
0.939,0.476
0.939,1.585
0.939,6.775
0.939,3.041
0.939,7.105
0.940,4.608
0.941,0.843
0.941,7.605
0.941,0.951
0.941,1.674
0.941,3.812
0.941,3.647
0.941,2.751
0.941,0.337
0.941,2.052
0.942,8.041
0.942,7.210
0.942,2.401
0.943,6.504
0.943,0.608
0.943,2.290
0.943,2.506
0.943,1.269
0.944,1.762
0.944,1.405
0.944,7.502
0.944,4.390
0.944,3.996
0.944,2.658
0.945,1.944
0.945,4.091
0.945,8.477
0.946,1.172
0.946,6.114
0.946,2.866
0.946,8.664
0.947,4.961
0.947,7.355
0.947,3.305
0.947,1.847
0.947,7.801
0.948,7.711
0.948,2.188
0.949,0.792
0.949,1.597
0.949,7.918
0.949,0.042
0.949,3.754
0.950,1.503
0.950,3.903
0.950,-3.015
0.950,3.441
0.950,5.109
0.950,0.467
0.950,2.590
0.951,4.690
0.951,1.342
0.951,3.186
0.951,0.969
0.951,6.693
0.951,3.090
0.951,2.368
0.951,6.939
0.952,7.274
0.952,2.085
0.952,8.031
0.952,7.188
0.952,4.175
0.952,1.689
0.953,4.036
0.953,0.141
0.953,4.277
0.953,3.639
0.954,0.683
0.954,1.105
0.954,4.388
0.954,2.914
0.954,6.390
0.954,1.261
0.954,1.425
0.955,7.491
0.955,0.294
0.955,1.915
0.955,1.775
0.956,0.570
0.956,2.721
0.956,2.491
0.957,2.233
0.957,3.814
0.957,2.825
0.958,7.384
0.958,9.820
0.958,0.833
0.958,3.267
0.958,6.535
0.958,1.553
0.959,-0.311
0.959,2.149
0.960,3.150
0.960,3.518
0.960,1.010
0.960,6.846
0.960,2.012
0.960,6.288
0.960,3.395
0.960,0.476
0.961,6.699
0.961,3.980
0.961,1.656
0.962,2.351
0.962,6.969
0.962,2.575
0.962,7.119
0.962,7.566
0.963,3.040
0.963,1.346
0.963,1.198
0.963,4.745
0.963,3.692
0.964,1.456
0.964,1.891
0.965,2.929
0.965,7.775
0.965,0.648
0.966,8.139
0.966,7.201
0.966,7.419
0.966,2.440
0.966,2.787
0.966,0.749
0.967,2.093
0.968,3.331
0.968,2.681
0.968,4.156
0.968,3.595
0.968,4.654
0.968,3.782
0.968,2.216
0.968,1.071
0.968,-0.434
0.969,0.425
0.969,1.964
0.969,1.577
0.969,3.486
0.969,1.763
0.969,7.505
0.970,6.825
0.970,0.542
0.970,6.470
0.970,1.266
0.970,6.153
0.970,3.133
0.970,7.017
0.970,4.418
0.971,7.886
0.971,0.980
0.971,1.666
0.971,2.320
0.972,1.358
0.972,2.543
0.973,4.575
0.973,7.603
0.974,6.929
0.974,1.881
0.974,1.492
0.974,-1.693
0.974,8.036
0.974,3.928
0.975,7.149
0.975,-0.558
0.976,7.304
0.976,7.700
0.976,2.146
0.976,3.011
0.976,2.024
0.976,2.810
0.976,2.445
0.977,0.675
0.977,2.639
0.977,6.700
0.977,4.267
0.977,3.383
0.978,0.841
0.978,3.237
0.978,1.610
0.979,2.255
0.979,1.787
0.979,1.284
0.979,2.726
0.980,-0.341
0.980,2.359
0.980,4.109
0.980,14.070
0.981,3.855
0.981,1.700
0.981,2.518
0.981,6.778
0.981,0.943
0.982,1.935
0.982,1.131
0.982,3.601
0.982,7.796
0.982,1.413
0.982,3.130
0.983,4.771
0.983,7.588
0.983,0.394
0.983,-0.139
0.983,2.919
0.983,0.049
0.983,7.474
0.983,1.534
0.984,4.014
0.984,7.045
0.984,1.045
0.984,7.357
0.984,7.954
0.984,11.830
0.985,4.490
0.985,0.763
0.985,2.093
0.986,6.897
0.986,2.597
0.986,4.191
0.987,7.680
0.987,8.087
0.987,0.622
0.987,7.125
0.987,1.233
0.987,3.015
0.988,1.772
0.988,2.316
0.988,1.875
0.989,1.618
0.989,3.266
0.989,3.760
0.989,2.459
0.989,1.999
0.990,-0.263
0.991,2.230
0.991,7.763
0.991,1.374
0.991,2.837
0.991,4.411
0.991,3.166
0.992,3.442
0.992,2.688
0.992,7.580
0.992,1.493
0.993,-1.406
0.993,8.598
0.993,8.016
0.994,7.334
0.994,8.253
0.994,0.928
0.994,2.119
0.994,6.779
0.994,1.072
0.994,2.955
0.995,0.804
0.995,3.924
0.995,7.865
0.996,1.704
0.996,8.113
0.996,1.817
0.996,0.701
0.996,3.353
0.997,6.657
0.997,1.575
0.997,4.639
0.997,1.227
0.997,2.418
0.997,-0.107
0.997,3.059
0.998,2.323
0.998,0.335
0.998,6.292
0.998,7.184
0.998,2.002
0.999,2.507
0.999,0.077
0.999,3.578
0.999,3.796
0.999,2.745
1.000,1.904
1.000,0.526
1.001,2.645
1.001,7.094
1.001,4.341
1.001,1.320
1.001,-1.519
1.001,4.088
1.001,2.219
1.001,7.412
1.002,7.632
1.002,6.903
1.002,4.995
1.002,7.730
1.002,3.684
1.003,3.163
1.003,0.903
1.003,2.900
1.003,8.416
1.004,7.286
1.004,2.125
1.004,12.401
1.004,1.067
1.004,1.663
1.004,1.437
1.004,3.951
1.005,6.724
1.005,9.092
1.006,8.176
1.006,0.720
1.006,4.193
1.006,1.563
1.006,-0.004
1.007,1.835
1.007,3.060
1.007,4.504
1.007,-0.832
1.007,2.340
1.008,8.845
1.008,2.551
1.009,1.235
1.009,0.415
1.009,1.964
1.009,6.629
1.009,4.799
1.009,2.440
1.009,7.887
1.009,1.146
1.010,2.808
1.010,3.806
1.011,7.994
1.011,2.722
1.011,1.723
1.011,6.796
1.011,2.223
1.011,0.849
1.012,8.259
1.012,5.081
1.012,3.654
1.012,1.017
1.012,7.763
1.012,0.630
1.012,7.197
1.012,7.395
1.013,1.496
1.013,1.317
1.013,7.668
1.013,2.130
1.013,5.638
1.013,3.433
1.014,6.257
1.014,4.988
1.014,3.196
1.014,6.549
1.014,0.296
1.015,1.603
1.015,5.238
1.015,2.031
1.016,3.007
1.016,1.863
1.016,7.549
1.016,3.290
1.017,7.287
1.017,2.495
1.017,2.586
1.018,3.573
1.018,-1.096
1.018,1.403
1.018,2.301
1.018,3.874
1.019,2.777
1.019,-0.046
1.019,1.206
1.020,0.196
1.020,0.903
1.020,1.754
1.020,1.095
1.020,7.844
1.020,-0.312
1.021,8.156
1.021,0.513
1.021,7.449
1.021,2.404
1.022,3.089
1.022,2.866
1.022,4.149
1.022,2.164
1.022,2.685
1.023,13.310
1.023,-0.203
1.023,1.965
1.023,7.672
1.023,1.526
1.023,3.229
1.024,8.743
1.024,1.322
1.024,4.377
1.025,1.017
1.025,1.840
1.026,3.375
1.026,2.968
1.026,7.348
1.026,2.254
1.027,8.359
1.027,3.928
1.027,7.559
1.027,1.674
1.027,3.653
1.027,8.230
1.028,5.042
1.028,2.092
1.028,1.410
1.028,3.513
1.028,0.401
1.029,0.592
1.029,0.220
1.029,0.837
1.029,3.748
1.029,1.587
1.030,2.453
1.030,1.156
1.030,2.350
1.030,7.976
1.030,7.737
1.030,2.808
1.031,4.185
1.031,7.879
1.031,1.243
1.032,1.996
1.032,2.608
1.032,7.440
1.032,2.183
1.032,4.476
1.032,-1.621
1.033,2.892
1.033,1.484
1.033,1.745
1.034,1.899
1.034,8.127
1.034,3.087
1.034,2.708
1.035,3.260
1.035,3.571
1.035,5.319
1.035,0.672
1.036,1.654
1.036,1.371
1.036,8.429
1.036,1.000
1.037,13.876
1.037,0.912
1.037,2.111
1.038,3.412
1.038,-1.891
1.038,2.512
1.039,2.285
1.039,1.559
1.040,4.397
1.040,-0.071
1.040,7.935
1.040,3.758
1.040,1.799
1.041,1.292
1.041,8.238
1.041,2.026
1.041,7.605
1.042,2.383
1.042,2.608
1.042,2.799
1.042,0.584
1.042,8.076
1.042,1.106
1.042,3.495
1.043,0.774
1.043,4.242
1.043,1.931
1.043,2.182
1.043,3.952
1.043,3.620
1.043,3.103
1.044,3.302
1.044,1.463
1.044,7.743
1.045,7.448
1.045,1.711
1.045,0.445
1.046,0.885
1.046,5.008
1.047,2.728
1.047,6.785
1.047,4.555
1.048,2.497
1.048,2.108
1.048,3.395
1.048,3.206
1.048,1.617
1.048,1.029
1.048,2.255
1.048,4.148
1.049,4.038
1.050,1.269
1.050,2.995
1.050,3.860
1.050,1.997
1.050,-0.004
1.051,1.888
1.052,7.667
1.052,7.928
1.052,-1.054
1.052,2.411
1.052,2.594
1.053,1.782
1.053,1.383
1.053,4.784
1.053,8.056
1.053,3.286
1.054,3.613
1.054,11.747
1.054,7.767
1.054,2.889
1.054,0.368
1.055,1.177
1.055,2.174
1.055,-0.367
1.055,2.317
1.055,7.204
1.055,6.940
1.055,2.786
1.056,0.270
1.056,2.063
1.057,6.773
1.057,5.048
1.057,1.575
1.058,2.701
1.058,0.885
1.058,4.143
1.058,-0.244
1.058,8.199
1.059,2.476
1.059,1.077
1.059,3.909
1.059,7.508
1.059,1.707
1.059,-0.089
1.059,1.281
1.060,2.997
1.060,3.387
1.060,-0.746
1.060,3.158
1.060,3.680
1.060,1.942
1.061,8.665
1.061,0.656
1.061,1.427
1.061,7.996
1.062,7.879
1.062,2.264
1.062,1.827
1.063,3.798
1.063,-1.340
1.063,7.285
1.063,3.265
1.063,2.867
1.064,2.150
1.064,0.966
1.064,2.549
1.065,4.434
1.066,2.354
1.066,3.525
1.066,7.669
1.066,1.543
1.067,3.082
1.067,7.767
1.067,2.068
1.067,1.642
1.067,8.451
1.068,1.102
1.068,1.748
1.068,2.629
1.068,1.241
1.068,2.774
1.069,0.059
1.069,7.073
1.069,3.962
1.069,4.817
1.069,8.085
1.069,7.410
1.070,1.962
1.070,3.397
1.071,2.443
1.071,-0.598
1.071,2.211
1.071,1.328
1.071,8.287
1.071,6.659
1.072,0.398
1.072,2.920
1.072,3.638
1.073,1.453
1.074,4.039
1.075,3.007
1.075,2.539
1.075,1.812
1.076,-0.273
1.076,1.575
1.076,2.079
1.077,2.291
1.077,8.472
1.077,1.696
1.077,2.639
1.077,2.747
1.078,0.782
1.078,3.309
1.078,1.056
1.078,-0.374
1.078,1.901
1.078,5.123
1.078,8.364
1.078,3.136
1.078,-0.012
1.079,0.275
1.079,1.260
1.079,0.933
1.079,2.854
1.079,1.998
1.080,2.456
1.080,3.490
1.080,7.943
1.080,7.810
1.081,2.179
1.081,7.501
1.081,8.029
1.081,3.226
1.082,4.266
1.083,1.494
1.083,8.546
1.083,2.959
1.085,1.613
1.085,1.331
1.085,3.571
1.086,8.727
1.086,0.337
1.086,2.682
1.086,1.806
1.086,2.334
1.086,4.072
1.087,0.735
1.087,1.718
1.087,1.173
1.087,2.572
1.087,3.046
1.087,2.073
1.088,8.407
1.088,1.935
1.088,3.747
1.089,2.461
1.089,9.811
1.089,2.771
1.090,3.129
1.090,8.116
1.090,7.894
1.090,2.233
1.091,1.055
1.091,0.545
1.091,1.430
1.091,3.380
1.091,7.199
1.091,8.026
1.092,3.970
1.092,0.965
1.092,-1.558
1.092,2.931
1.093,8.492
1.093,7.743
1.094,8.274
1.094,1.278
1.095,3.218
1.095,1.997
1.095,0.623
1.096,1.582
1.096,1.875
1.096,2.395
1.096,4.263
1.096,2.609
1.097,3.702
1.097,2.134
1.097,1.696
1.097,2.523
1.097,9.058
1.098,3.021
1.098,3.891
1.098,3.551
1.098,0.834
1.099,2.722
1.099,8.377
1.100,4.512
1.100,2.303
1.101,5.950
1.101,0.745
1.101,3.330
1.101,0.934
1.102,3.150
1.102,1.146
1.102,-1.167
1.102,8.178
1.102,3.781
1.102,1.431
1.103,2.053
1.103,7.795
1.103,8.499
1.103,2.813
1.103,1.805
1.103,1.300
1.105,8.645
1.105,2.956
1.105,2.218
1.106,2.654
1.106,0.110
1.106,1.628
1.107,12.525
1.107,11.690
1.107,1.914
1.107,3.444
1.107,-0.110
1.107,2.461
1.108,2.350
1.108,2.558
1.108,8.066
1.108,1.732
1.109,1.526
1.109,3.070
1.110,3.218
1.110,-0.275
1.111,2.738
1.111,8.417
1.111,0.418
1.111,8.328
1.111,3.307
1.112,1.429
1.112,0.287
1.112,1.824
1.112,2.144
1.112,4.797
1.112,-1.728
1.112,1.987
1.113,1.165
1.113,0.855
1.114,0.733
1.114,4.089
1.114,4.432
1.115,8.157
1.115,1.290
1.115,2.297
1.115,2.982
1.116,2.415
1.116,7.271
1.116,2.656
1.116,1.591
1.116,0.621
1.117,3.124
1.117,2.806
1.117,2.896
1.117,2.536
1.118,7.927
1.118,3.484
1.118,3.841
1.118,8.072
1.119,1.747
1.119,3.730
1.120,8.493
1.120,0.390
1.121,2.073
1.121,2.183
1.121,1.207
1.122,1.971
1.122,1.012
1.122,8.617
1.122,6.952
1.123,0.112
1.123,-0.074
1.123,1.848
1.123,-1.259
1.123,10.497
1.124,3.026
1.124,2.359
1.124,8.717
1.124,2.594
1.124,3.192
1.124,2.749
1.124,1.472
1.125,4.147
1.125,3.570
1.125,1.630
1.125,3.401
1.125,2.488
1.125,9.366
1.126,3.289
1.126,0.580
1.127,0.917
1.127,1.389
1.127,-0.212
1.128,1.099
1.128,7.601
1.128,7.765
1.129,7.874
1.129,8.176
1.129,2.957
1.130,2.048
1.130,2.239
1.131,1.924
1.132,8.009
1.132,2.150
1.132,3.108
1.132,1.693
1.132,2.699
1.132,2.869
1.133,2.394
1.133,8.352
1.133,4.322
1.133,1.263
1.134,2.549
1.134,-0.395
1.135,8.814
1.135,1.508
1.135,8.981
1.135,0.116
1.136,-0.140
1.136,0.374
1.136,3.411
1.137,1.831
1.137,0.738
1.138,1.616
1.138,7.683
1.138,1.993
1.138,1.026
1.138,1.409
1.138,8.579
1.139,2.935
1.139,2.318
1.139,2.808
1.140,2.102
1.140,8.157
1.141,8.404
1.141,8.030
1.141,0.908
1.141,3.185
1.141,2.213
1.141,-0.241
1.141,3.968
1.141,3.285
1.142,2.445
1.142,2.642
1.143,1.151
1.143,1.714
1.143,1.906
1.144,1.301
1.144,7.945
1.144,9.494
1.144,2.537
1.145,3.496
1.145,9.011
1.146,4.359
1.146,0.519
1.146,2.883
1.146,-0.753
1.146,8.479
1.147,1.820
1.147,2.999
1.147,0.339
1.147,5.209
1.148,-1.788
1.148,2.028
1.148,1.611
1.148,2.299
1.148,0.685
1.148,1.437
1.149,7.125
1.149,3.579
1.150,8.804
1.150,8.571
1.150,8.047
1.150,3.313
1.151,2.211
1.151,2.765
1.151,1.053
1.151,8.280
1.151,2.446
1.151,1.204
1.152,7.893
1.152,7.767
1.152,2.673
1.153,1.688
1.154,9.118
1.154,3.155
1.154,3.694
1.154,8.161
1.155,13.981
1.155,9.328
1.155,1.533
1.155,1.784
1.155,1.975
1.156,2.101
1.156,0.412
1.156,2.565
1.156,3.433
1.156,8.958
1.156,0.774
1.157,4.265
1.157,2.838
1.157,1.355
1.157,7.538
1.158,8.485
1.158,2.970
1.158,2.304
1.159,3.871
1.159,3.555
1.160,2.398
1.160,3.070
1.162,0.284
1.162,2.763
1.162,1.158
1.163,1.463
1.163,2.495
1.164,2.229
1.164,1.698
1.164,8.162
1.164,1.004
1.165,13.107
1.165,3.203
1.165,8.410
1.166,2.086
1.166,4.041
1.166,1.814
1.166,7.977
1.167,8.575
1.168,2.947
1.168,0.882
1.168,3.316
1.169,2.309
1.169,1.602
1.169,2.850
1.169,7.483
1.169,1.920
1.170,0.020
1.170,2.670
1.171,2.561
1.171,0.516
1.172,1.263
1.173,2.451
1.173,8.329
1.173,8.663
1.174,3.863
1.174,2.747
1.174,8.189
1.175,2.215
1.175,1.782
1.176,2.068
1.176,7.619
1.176,8.768
1.176,1.376
1.178,1.474
1.178,2.972
1.178,3.168
1.179,0.767
1.179,3.427
1.179,3.297
1.179,1.982
1.179,9.082
1.180,1.190
1.180,1.870
1.180,2.397
1.181,2.306
1.181,2.594
1.181,1.659
1.182,-1.239
1.182,3.072
1.182,2.164
1.183,-0.276
1.184,1.554
1.184,2.878
1.184,2.755
1.184,8.542
1.184,0.886
1.184,8.704
1.185,1.079
1.185,8.895
1.186,8.423
1.186,2.058
1.187,1.774
1.187,2.496
1.187,1.418
1.187,2.993
1.188,3.234
1.188,-0.393
1.188,-0.683
1.188,8.800
1.188,3.432
1.189,3.518
1.189,7.917
1.190,8.158
1.190,1.955
1.190,8.618
1.190,1.211
1.191,2.609
1.191,0.504
1.191,-0.573
1.191,2.309
1.192,1.853
1.192,4.255
1.192,0.949
1.193,2.147
1.193,2.836
1.193,3.920
1.193,2.393
1.193,0.682
1.193,3.653
1.194,4.084
1.196,3.103
1.196,1.291
1.196,2.535
1.196,1.519
1.197,2.925
1.197,1.693
1.197,8.682
1.198,8.261
1.199,3.498
1.199,1.608
1.200,8.025
1.200,8.548
1.200,3.348
1.201,-0.021
1.201,1.203
1.201,2.216
1.202,1.011
1.202,-0.817
1.202,2.119
1.202,3.745
1.202,8.427
1.202,2.413
1.203,2.686
1.204,3.015
1.204,12.600
1.205,1.797
1.206,9.346
1.207,2.888
1.207,1.882
1.207,2.309
1.207,8.863
1.208,3.239
1.208,1.598
1.209,8.705
1.209,1.247
1.209,2.063
1.210,1.421
1.210,8.234
1.211,8.509
1.211,3.941
1.211,1.706
1.211,3.384
1.211,2.766
1.211,2.581
1.211,2.186
1.212,9.029
1.212,3.136
1.213,0.963
1.214,1.970
1.214,2.975
1.216,2.461
1.216,4.456
1.216,0.165
1.217,8.625
1.217,3.453
1.218,1.635
1.218,9.409
1.219,1.326
1.219,3.691
1.220,8.193
1.220,0.717
1.220,-0.087
1.220,0.540
1.220,2.873
1.220,2.157
1.220,3.353
1.221,8.992
1.221,1.774
1.221,0.804
1.221,2.385
1.222,2.577
1.223,13.681
1.223,3.062
1.223,8.418
1.224,8.557
1.224,1.139
1.225,8.777
1.225,2.250
1.225,0.999
1.225,1.261
1.226,1.895
1.226,3.809
1.226,1.697
1.227,9.244
1.228,2.103
1.228,1.460
1.228,2.826
1.229,8.316
1.230,0.416
1.230,3.200
1.230,8.646
1.231,9.148
1.231,9.038
1.231,4.042
1.232,8.102
1.232,2.964
1.232,2.615
1.233,3.505
1.233,1.374
1.233,1.781
1.235,2.215
1.235,0.899
1.235,0.512
1.235,2.436
1.237,3.136
1.237,0.343
1.237,8.389
1.238,7.447
1.239,1.006
1.239,3.416
1.240,2.841
1.240,8.516
1.240,3.246
1.240,1.444
1.242,2.696
1.242,1.641
1.242,2.511
1.242,9.215
1.242,8.908
1.243,1.157
1.244,2.034
1.244,2.249
1.244,1.799
1.245,2.155
1.245,8.759
1.245,1.246
1.246,3.077
1.247,0.777
1.247,3.739
1.247,7.828
1.247,9.013
1.248,1.070
1.248,2.597
1.249,0.590
1.249,2.893
1.249,1.877
1.249,0.035
1.250,4.200
1.250,2.391
1.251,1.457
1.252,2.087
1.252,3.525
1.253,-0.453
1.253,3.373
1.254,3.167
1.254,2.307
1.254,9.183
1.254,3.803
1.255,1.542
1.255,8.276
1.255,2.524
1.257,1.739
1.257,2.640
1.258,0.629
1.258,1.143
1.259,1.892
1.260,1.347
1.260,1.999
1.260,8.731
1.260,9.004
1.261,8.203
1.261,2.772
1.261,2.954
1.262,2.182
1.264,2.079
1.264,2.390
1.264,2.298
1.265,8.656
1.265,-0.821
1.266,9.389
1.267,1.603
1.267,2.856
1.267,0.859
1.267,2.495
1.268,3.134
1.268,1.256
1.268,1.847
1.269,8.496
1.271,3.030
1.271,2.233
1.271,9.725
1.273,1.951
1.274,3.429
1.274,1.663
1.275,2.108
1.275,2.593
1.275,2.765
1.277,1.796
1.277,9.156
1.277,-0.965
1.277,2.380
1.278,-1.176
1.278,2.678
1.278,9.545
1.279,2.940
1.280,3.629
1.280,8.678
1.282,0.367
1.283,2.486
1.284,2.163
1.284,9.322
1.284,1.507
1.284,1.993
1.285,0.579
1.285,-0.335
1.286,8.814
1.287,1.278
1.288,3.719
1.288,2.915
1.288,1.693
1.289,2.740
1.289,1.058
1.290,2.593
1.290,0.907
1.290,9.691
1.291,1.197
1.292,-0.002
1.294,2.845
1.294,1.968
1.294,1.515
1.294,2.203
1.295,3.485
1.295,9.000
1.295,2.474
1.296,8.899
1.296,3.031
1.296,3.177
1.297,9.863
1.297,9.122
1.297,1.793
1.297,9.406
1.298,1.399
1.299,0.842
1.299,1.305
1.300,0.321
1.301,3.552
1.303,2.073
1.304,9.039
1.304,1.730
1.304,2.891
1.305,1.214
1.305,3.930
1.305,2.518
1.305,1.073
1.307,1.522
1.308,1.883
1.309,-0.681
1.309,0.777
1.309,1.367
1.310,2.420
1.311,2.231
1.311,0.930
1.312,3.697
1.312,9.390
1.312,0.479
1.312,2.139
1.313,3.118
1.314,2.324
1.315,2.574
1.316,1.080
1.318,0.861
1.319,0.697
1.319,2.840
1.319,2.068
1.320,0.226
1.321,2.239
1.321,9.489
1.321,9.370
1.322,2.702
1.323,9.243
1.323,1.287
1.324,1.900
1.324,2.509
1.325,2.398
1.325,3.526
1.327,1.751
1.327,0.753
1.327,12.864
1.327,1.437
1.328,8.541
1.328,1.568
1.329,3.124
1.329,10.205
1.329,9.422
1.330,2.921
1.331,2.044
1.331,2.230
1.331,0.484
1.332,1.837
1.332,10.113
1.332,1.338
1.332,2.344
1.333,0.057
1.334,-0.066
1.335,8.077
1.336,1.924
1.337,1.214
1.338,2.824
1.338,2.655
1.338,3.437
1.338,9.672
1.339,9.395
1.340,3.591
1.341,10.031
1.341,0.517
1.341,8.909
1.341,3.727
1.342,9.207
1.343,0.289
1.344,2.242
1.344,1.308
1.345,3.339
1.345,8.129
1.347,0.972
1.347,2.672
1.347,9.309
1.348,2.121
1.349,1.545
1.349,0.166
1.349,1.957
1.350,14.575
1.350,2.797
1.353,2.255
1.354,0.464
1.354,2.524
1.355,1.886
1.355,1.792
1.356,9.813
1.356,9.189
1.356,9.673
1.356,-0.701
1.357,-0.950
1.359,9.369
1.359,2.169
1.360,8.467
1.360,0.649
1.361,8.718
1.361,10.580
1.361,1.621
1.361,1.406
1.362,0.973
1.362,0.420
1.362,3.842
1.362,1.713
1.363,-1.096
1.364,9.888
1.364,1.526
1.364,2.689
1.364,0.125
1.365,-0.011
1.365,2.431
1.366,9.560
1.367,9.321
1.368,2.046
1.369,9.221
1.369,1.815
1.370,1.282
1.371,9.120
1.371,1.420
1.371,10.602
1.372,0.725
1.373,1.969
1.373,9.774
1.373,2.262
1.374,2.785
1.374,9.865
1.374,1.642
1.375,12.068
1.375,3.572
1.376,0.941
1.377,12.324
1.377,11.378
1.378,10.208
1.378,10.006
1.379,0.804
1.380,0.491
1.380,2.146
1.380,2.329
1.381,1.029
1.382,2.479
1.383,1.124
1.384,9.478
1.385,1.478
1.388,10.422
1.388,2.383
1.389,1.389
1.389,10.113
1.390,2.691
1.390,1.836
1.391,2.254
1.391,9.355
1.391,0.130
1.391,0.671
1.393,0.883
1.394,9.785
1.395,1.565
1.395,9.998
1.396,0.784
1.397,-0.635
1.397,9.881
1.397,2.414
1.398,1.961
1.398,1.236
1.400,1.129
1.400,3.102
1.401,9.199
1.402,10.724
1.403,2.540
1.403,10.323
1.404,1.440
1.404,2.176
1.404,9.453
1.404,10.059
1.405,9.655
1.405,0.858
1.405,2.727
1.407,0.992
1.407,1.356
1.407,10.504
1.407,0.707
1.408,1.845
1.410,1.560
1.412,2.098
1.412,1.739
1.412,9.317
1.413,1.290
1.414,2.626
1.414,0.309
1.415,0.814
1.415,10.162
1.416,2.407
1.416,9.802
1.416,11.364
1.418,1.130
1.418,2.277
1.419,1.651
1.419,1.895
1.420,1.224
1.421,9.960
1.421,1.352
1.422,10.085
1.422,0.664
1.423,1.465
1.424,2.107
1.425,1.012
1.425,2.219
1.426,2.591
1.427,9.045
1.428,10.200
1.429,9.392
1.429,9.805
1.430,1.254
1.431,9.701
1.431,0.891
1.431,0.429
1.433,11.108
1.433,2.411
1.434,11.213
1.435,2.010
1.436,1.082
1.437,10.129
1.437,2.184
1.437,1.702
1.438,-0.797
1.438,10.653
1.438,2.661
1.438,9.157
1.439,0.288
1.441,2.330
1.441,1.612
1.441,9.725
1.442,0.859
1.442,10.869
1.443,1.507
1.443,1.194
1.443,3.137
1.443,1.783
1.446,1.278
1.447,0.772
1.448,1.429
1.448,10.523
1.448,-0.737
1.449,11.081
1.451,9.992
1.451,2.592
1.451,0.169
1.451,-0.042
1.452,-0.890
1.453,9.554
1.453,0.690
1.454,1.646
1.454,10.456
1.455,2.028
1.455,2.303
1.456,1.841
1.457,1.524
1.458,1.398
1.458,10.172
1.458,10.575
1.460,1.185
1.461,9.982
1.461,2.154
1.461,1.722
1.462,0.296
1.464,1.293
1.466,10.454
1.466,1.558
1.467,1.060
1.468,10.327
1.470,10.551
1.472,2.230
1.473,2.032
1.473,11.751
1.475,1.294
1.475,1.877
1.477,0.820
1.477,2.561
1.477,0.515
1.478,10.757
1.480,1.669
1.482,1.770
1.482,0.985
1.483,11.270
1.483,0.425
1.485,0.696
1.486,0.855
1.486,11.445
1.486,1.283
1.487,2.184
1.487,1.136
1.487,10.612
1.488,1.468
1.489,9.983
1.490,11.130
1.491,1.809
1.493,1.938
1.493,-0.157
1.493,2.771
1.494,2.614
1.495,-0.051
1.495,11.768
1.496,1.418
1.497,2.370
1.498,2.190
1.498,0.947
1.498,1.078
1.498,1.292
1.498,0.438
1.499,1.858
1.501,11.537
1.501,1.609
1.501,-0.380
1.503,0.526
1.505,10.812
1.505,0.759
1.506,1.015
1.506,2.613
1.507,11.632
1.507,2.138
1.508,3.135
1.509,1.516
1.509,1.162
1.509,0.289
1.510,11.026
1.511,0.016
1.511,1.968
1.512,0.821
1.513,1.320
1.513,0.534
1.517,0.683
1.520,2.172
1.522,1.278
1.523,0.012
1.526,1.134
1.526,0.186
1.526,3.648
1.527,1.574
1.527,11.854
1.528,0.751
1.530,1.226
1.530,2.239
1.531,11.142
1.531,1.986
1.531,1.853
1.531,1.014
1.532,1.463
1.533,0.636
1.533,2.568
1.534,2.470
1.535,1.316
1.540,1.886
1.540,3.015
1.540,0.965
1.541,1.075
1.541,9.959
1.542,1.606
1.542,1.699
1.544,0.423
1.544,2.848
1.545,1.523
1.545,0.137
1.547,2.095
1.548,2.333
1.548,0.591
1.549,-0.876
1.549,3.429
1.550,0.874
1.550,-0.025
1.550,0.788
1.550,1.165
1.550,1.430
1.551,0.252
1.551,0.356
1.551,0.694
1.552,0.466
1.552,0.993
1.553,1.331
1.553,1.775
1.553,1.952
1.554,2.235
1.556,1.589
1.557,2.087
1.558,1.495
1.559,0.918
1.559,1.711
1.559,-0.686
1.559,-0.523
1.560,-2.053
1.560,0.411
1.561,1.130
1.561,2.455
1.561,0.732
1.561,0.568
1.561,1.849
1.562,1.034
1.563,1.260
1.565,2.205
1.565,0.027
1.566,2.028
1.566,0.491
1.567,2.386
1.567,-0.114
1.567,1.559
1.568,3.282
1.568,0.961
1.568,1.757
1.569,0.170
1.570,1.097
1.570,1.405
1.570,-0.626
1.570,2.777
1.571,0.310
1.571,0.566
1.573,2.999
1.573,3.517
1.573,12.094
1.573,0.661
1.573,0.836
1.574,-0.427
1.574,2.238
1.575,1.687
1.576,0.234
1.576,1.241
1.577,0.421
1.577,0.947
1.578,1.344
1.578,1.944
1.578,1.792
1.578,1.579
1.578,1.033
1.578,2.125
1.581,1.439
1.582,11.909
1.582,2.547
1.582,0.625
1.583,1.112
1.583,2.283
1.584,0.734
1.585,1.854
1.585,0.886
1.585,1.280
1.586,2.010
1.587,-0.470
1.587,0.127
1.587,0.978
1.587,1.525
1.588,2.646
1.588,3.469
1.590,12.623
1.590,0.581
1.590,1.613
1.591,2.136
1.591,0.342
1.592,0.430
1.592,3.121
1.592,1.171
1.592,-1.450
1.593,1.897
1.593,0.685
1.596,0.104
1.598,1.740
1.598,0.908
1.598,0.277
1.599,2.318
1.599,1.304
1.599,-0.065
1.600,11.148
1.600,1.638
1.601,0.496
1.602,0.759
1.602,1.211
1.603,1.115
1.603,2.163
1.603,1.410
1.603,0.400
1.603,1.873
1.604,2.573
1.604,3.498
1.606,0.085
1.607,0.833
1.607,0.186
1.607,1.031
1.610,1.293
1.611,-0.110
1.611,-0.405
1.612,0.297
1.613,4.076
1.613,1.980
1.613,0.428
1.614,1.786
1.615,1.125
1.617,1.469
1.617,2.782
1.618,0.975
1.618,0.646
1.619,-0.333
1.619,1.325
1.620,-0.686
1.620,2.176
1.621,1.597
1.621,0.272
1.621,-0.542
1.622,-1.861
1.622,1.954
1.625,0.047
1.625,-0.156
1.626,0.762
1.627,1.785
1.628,2.234
1.628,0.969
1.628,0.515
1.628,0.648
1.629,-0.867
1.633,-2.717
1.633,-0.992
1.634,1.257
1.635,0.867
1.637,0.449
1.637,0.144
1.639,-0.386
1.640,1.536
1.640,0.691
1.642,0.600
1.642,0.256
1.642,0.008
1.643,0.362
1.644,2.511
1.646,0.925
1.647,0.481
1.647,3.427
1.649,1.502
1.650,-0.253
1.651,2.006
1.653,0.063
1.653,1.600
1.653,2.327
1.654,-0.065
1.654,-0.401
1.655,0.378
1.656,-1.011
1.659,0.244
1.660,0.955
1.661,1.649
1.662,0.779
1.663,1.403
1.663,0.613
1.665,1.758
1.666,1.144
1.669,-0.273
1.670,0.547
1.673,-2.233
1.674,0.281
1.679,0.421
1.684,0.960
1.685,0.831
1.688,0.683
1.695,-0.451
1.698,1.409
1.699,0.898
1.700,-2.725
1.711,2.201
1.718,0.677
1.725,1.516
1.728,-2.180
1.733,-0.362
1.736,0.927
1.782,1.897
1.800,2.158
1.879,-1.255
1.944,1.468
2.026,2.289
